source,target,weight
0,1,1
1,4,1
1,5,1
1,7,0.5
1,8,0.666667
1,10,0.5
1,12,1
1,16,1
1,17,1
1,19,1
1,20,0.5
1,21,0.666667
1,24,1
1,27,0.5
1,28,1
1,30,0.666667
1,31,1
1,32,0.5
1,34,1
1,35,0.5
1,36,1
1,39,0.5
1,41,0.5
1,43,0.666667
1,46,0.666667
1,47,1
1,49,0.666667
1,50,0.666667
1,52,1
1,53,0.666667
1,54,1
1,56,1
1,61,0.5
1,63,0.5
1,64,1
1,66,1
1,70,0.666667
1,72,0.666667
1,73,1
1,76,1
1,77,1
1,78,0.5
1,79,0.666667
1,80,0.5
1,86,1
1,87,1
1,90,1
1,91,1
1,93,1
1,97,0.5
1,103,1
1,108,0.5
1,110,1
1,111,1
1,112,1
1,114,1
1,115,0.666667
1,116,1
1,117,0.666667
1,118,1
1,122,1
1,124,1
1,125,1
1,128,1
1,129,0.666667
1,130,1
1,131,0.5
1,132,1
1,133,0.666667
1,135,0.666667
1,136,0.666667
1,138,1
1,139,0.666667
1,141,0.5
1,142,1
1,143,1
1,145,0.5
1,147,0.5
1,149,0.666667
1,151,1
1,152,1
1,154,0.5
1,155,0.5
1,156,1
1,158,1
1,163,1
1,164,1
1,166,0.5
1,168,1
1,170,1
1,172,1
1,173,0.5
1,174,0.666667
1,175,0.5
1,177,1
1,179,1
1,180,1
1,182,1
1,188,0.5
1,190,1
1,193,0.5
1,194,1
1,195,0.5
1,196,1
1,198,1
1,199,1
1,200,1
1,203,1
1,205,1
1,206,1
1,208,1
1,210,1
1,211,1
1,212,1
1,213,1
1,214,1
1,217,1
1,219,1
1,220,1
1,221,0.666667
1,222,1
1,224,1
1,226,1
1,228,1
1,230,0.5
1,232,1
1,233,1
1,234,1
1,235,1
1,237,1
1,238,0.5
1,239,0.5
1,240,1
1,244,0.666667
1,245,1
1,246,0.5
1,248,1
1,249,0.5
1,251,1
1,255,1
1,258,0.666667
1,260,1
1,261,0.666667
1,266,1
1,269,0.666667
1,273,1
1,274,1
1,276,0.666667
1,278,0.5
1,279,1
1,280,1
1,281,0.5
1,284,0.666667
1,286,1
1,287,0.5
1,288,1
1,289,1
1,290,0.5
1,292,1
1,293,1
1,294,0.5
1,295,1
1,296,0.5
1,297,0.5
1,298,0.5
1,299,1
1,300,0.5
1,304,0.5
1,306,0.5
1,307,0.5
1,308,0.5
1,309,0.5
1,310,1
1,311,1
1,314,1
1,318,1
1,319,1
1,321,1
1,322,1
1,323,1
1,324,0.5
1,325,1
1,326,1
1,327,1
1,330,0.5
1,331,0.5
1,333,1
1,335,1
1,336,1
1,340,1
1,341,1
1,343,1
1,344,1
1,349,0.666667
1,352,1
1,353,1
1,354,1
1,357,1
1,363,1
1,364,1
1,365,1
1,367,0.5
1,368,1
1,369,1
1,370,1
1,371,0.5
1,372,0.5
1,373,0.666667
1,374,1
1,375,0.5
1,376,1
1,377,0.5
1,378,1
1,380,0.5
1,382,1
1,384,0.5
1,387,0.5
1,390,1
1,392,1
1,393,0.5
1,395,0.5
1,397,1
1,398,0.5
1,399,1
1,400,1
1,401,1
1,403,1
1,404,1
1,405,1
1,406,1
1,407,1
1,408,1
1,411,1
1,412,1
1,413,1
1,414,1
1,416,1
1,417,1
1,418,1
1,420,1
1,421,1
1,423,1
1,424,1
1,425,1
1,426,1
1,429,1
1,430,1
1,431,0.5
1,432,1
1,433,1
1,434,0.5
1,435,1
1,436,1
1,437,1
1,438,1
1,440,1
1,442,1
1,443,1
1,444,1
1,445,1
1,446,1
1,447,1
1,448,1
1,449,1
1,453,1
1,454,1
1,456,1
1,457,1
1,458,1
1,460,1
1,461,1
1,462,1
1,463,1
1,464,1
1,466,1
1,467,1
1,468,1
1,469,1
1,470,1
1,471,1
1,472,1
1,473,1
1,475,1
1,477,1
1,478,1
1,479,1
1,481,1
1,482,1
1,483,1
1,484,1
1,485,1
1,486,1
1,487,1
1,488,1
1,489,1
1,490,1
1,491,1
1,492,1
1,493,1
1,494,1
1,495,1
1,496,1
1,497,1
1,498,1
1,499,1
1,500,1
1,501,1
1,503,1
1,504,1
1,505,1
1,508,1
2,192,0.5
2,215,0.5
2,753,1
2,757,0.5
2,1016,0.5
2,1143,1
2,3320,1
3,8,1
3,89,1
3,850,1
6,624,0.5
6,704,1
6,1222,0.5
6,2321,1
7,37,0.5
7,38,0.5
7,215,0.5
7,1630,0.5
7,1688,0.5
7,1907,0.5
7,1959,1
7,2922,1
8,43,0.666667
8,46,0.666667
8,49,0.666667
8,58,0.5
8,79,1
8,80,0.5
8,117,1
8,136,0.666667
8,149,0.666667
8,161,0.5
8,174,1
8,221,1
8,244,0.666667
8,254,0.5
8,269,0.666667
8,276,1
8,284,1
8,349,0.666667
8,451,0.5
8,514,1
8,515,0.666667
8,529,0.666667
8,535,0.666667
8,540,0.666667
8,541,1
8,542,0.666667
8,547,0.666667
8,548,0.5
8,562,1
8,563,1
8,564,0.666667
8,570,1
8,571,1
8,584,0.666667
8,586,0.5
8,610,0.666667
8,616,1
8,617,0.666667
8,624,0.666667
8,636,0.5
8,675,0.666667
8,682,0.666667
8,684,1
8,687,1
8,689,0.666667
8,690,1
8,706,1
8,709,1
8,711,0.666667
8,713,0.5
8,715,1
8,718,1
8,731,1
8,732,1
8,735,1
8,743,1
8,769,1
8,774,1
8,784,1
8,800,0.5
8,810,0.5
8,831,1
8,839,0.5
8,843,1
8,853,1
8,862,0.5
8,876,0.666667
8,884,0.666667
8,953,0.5
8,1008,1
8,1023,0.5
8,1026,1
8,1043,1
8,1119,0.5
8,1162,0.666667
8,1185,0.5
8,1190,1
8,1213,0.5
8,1230,0.5
8,1247,0.5
8,1279,1
8,1398,0.5
8,1460,0.5
8,1471,0.5
8,1482,1
8,1525,0.5
8,1911,0.5
8,1955,0.5
8,2000,0.5
8,2001,1
8,2118,1
8,2298,1
8,2335,0.5
8,2597,1
8,2638,0.5
8,2640,1
8,2641,0.5
8,2642,1
8,2643,1
8,2644,1
8,2645,1
8,2646,1
8,2647,1
8,2648,1
9,2589,1
9,2950,1
9,3279,1
10,173,1
10,2896,0.666667
10,2898,0.666667
11,104,1
11,373,0.666667
11,383,1
11,579,0.666667
11,620,0.666667
11,905,0.5
11,1422,0.666667
11,1442,0.666667
11,1485,0.666667
11,1808,0.5
11,1869,0.5
11,1903,1
11,1929,0.5
11,1939,0.666667
11,2056,0.5
11,2098,0.5
11,2609,1
11,2610,1
11,2611,0.5
11,2612,1
11,2613,1
11,2614,1
11,2615,1
11,2617,1
11,2618,1
11,2619,1
13,94,0.5
13,282,0.666667
13,283,1
13,302,1
13,465,1
13,589,0.666667
13,1003,0.5
13,1047,0.5
13,1222,1
13,1237,1
13,1239,0.666667
13,1321,0.5
13,1360,0.666667
13,1475,1
13,1481,0.666667
13,1534,0.5
13,2107,0.5
13,2308,0.5
13,2438,0.5
13,2536,1
13,2850,0.5
13,2852,1
13,2923,1
13,2924,1
14,37,0.666667
14,38,0.666667
14,96,0.666667
14,134,1
14,137,0.666667
14,522,1
14,594,0.666667
14,1368,0.5
14,1399,0.5
14,1406,0.5
14,1481,0.666667
14,1562,0.5
14,1997,0.5
14,2160,0.5
14,3129,1
14,3130,0.5
14,3131,1
14,3132,0.5
15,79,0.5
15,178,0.5
15,238,0.5
15,690,0.5
15,716,0.5
15,728,0.5
15,735,0.5
15,743,0.5
15,816,0.5
15,1026,0.5
15,1098,0.5
15,2387,1
15,3246,0.5
18,39,0.5
18,117,0.5
18,169,1
18,171,1
18,716,0.5
18,735,0.5
18,784,0.5
18,805,0.5
18,816,0.5
18,1014,1
18,1046,1
20,22,0.5
20,43,0.5
20,46,0.666667
20,49,0.5
20,79,1
20,80,0.5
20,94,0.5
20,123,0.5
20,174,1
20,184,0.5
20,185,0.5
20,231,0.5
20,261,0.5
20,269,0.5
20,349,0.5
20,541,1
20,563,1
20,571,0.666667
20,574,0.5
20,586,0.5
20,613,1
20,636,0.5
20,690,1
20,701,0.5
20,770,1
20,798,0.5
20,831,1
20,850,1
20,876,0.5
20,928,1
20,1008,1
20,1025,0.5
20,1040,0.5
20,1048,1
20,1119,0.5
20,1134,0.666667
20,1264,0.5
20,1296,0.5
20,1314,0.5
20,1386,0.5
20,1579,0.5
20,1734,0.5
20,2119,1
20,2123,1
20,2597,1
20,2598,1
20,2599,1
20,2600,1
20,2601,0.5
20,2602,1
20,2603,1
21,30,0.666667
21,46,0.666667
21,48,0.666667
21,49,1
21,50,0.666667
21,53,0.666667
21,135,0.666667
21,136,1
21,139,0.666667
21,149,1
21,520,0.666667
21,521,0.666667
21,524,0.666667
21,529,0.666667
21,530,0.5
21,535,1
21,541,0.666667
21,551,0.5
21,581,1
21,622,0.666667
21,624,0.666667
21,637,1
21,659,0.666667
21,677,0.5
21,681,0.666667
21,688,1
21,701,0.666667
21,1000,0.5
21,1162,0.666667
21,2010,0.5
21,2149,0.5
21,2150,0.5
21,2151,0.5
21,2152,1
21,2153,0.5
21,2154,1
21,2155,0.5
21,2156,1
21,2158,1
22,25,1
22,40,1
22,60,1
22,84,1
22,101,1
22,169,0.5
22,422,1
22,612,0.5
22,690,0.5
22,706,0.5
22,784,0.5
22,798,1
22,1009,1
22,1012,0.5
22,1098,1
22,1521,1
22,3193,1
23,706,0.5
23,2395,1
25,79,0.5
25,178,1
25,1098,1
26,880,1
26,1071,1
27,37,0.5
27,175,1
27,2386,0.5
29,547,0.5
29,618,0.5
29,1278,1
30,43,1
30,44,0.5
30,46,0.666667
30,49,0.666667
30,70,1
30,133,1
30,135,1
30,139,1
30,261,1
30,276,0.666667
30,373,0.666667
30,519,1
30,520,1
30,521,1
30,540,1
30,541,0.666667
30,542,1
30,556,1
30,574,1
30,588,0.5
30,590,1
30,617,0.666667
30,623,1
30,625,1
30,627,1
30,637,0.666667
30,675,1
30,681,1
30,682,0.666667
30,711,0.666667
30,715,0.666667
30,769,0.666667
30,954,1
30,1021,1
30,1038,0.5
30,1162,1
30,1171,0.5
30,1238,1
30,1538,1
30,1920,1
30,1922,1
30,1925,1
32,2169,1
33,83,1
33,338,1
33,1099,0.5
33,1887,0.5
33,2462,0.5
33,3390,1
35,1399,0.5
37,38,1
37,72,0.666667
37,96,0.666667
37,97,0.5
37,132,1
37,134,0.666667
37,234,1
37,239,0.5
37,249,0.5
37,281,0.5
37,282,0.666667
37,297,0.5
37,354,1
37,378,1
37,534,0.666667
37,544,0.666667
37,555,0.666667
37,890,0.5
37,1093,0.666667
37,1432,0.5
37,1679,0.666667
37,1683,0.666667
37,1688,0.5
37,1860,1
37,1871,0.5
37,1872,1
37,1873,1
37,1874,1
37,1875,1
37,1876,0.5
37,1878,0.5
37,1880,1
37,1881,1
37,1882,1
37,1883,0.5
37,1885,1
37,1888,1
37,1889,1
37,1891,1
37,1894,1
37,1897,1
37,1898,0.5
37,1899,1
37,1900,1
37,1901,1
37,1902,1
37,1904,0.5
37,1905,1
37,1906,1
37,1907,0.5
37,1908,1
38,72,0.666667
38,134,0.666667
38,142,1
38,234,1
38,297,0.5
38,299,1
38,323,1
38,353,1
38,360,0.666667
38,395,0.5
38,555,0.666667
38,560,0.666667
38,631,0.666667
38,890,0.5
38,940,0.666667
38,969,0.5
38,1442,0.666667
38,1679,0.666667
38,1872,1
38,1891,1
38,1901,1
38,1905,1
38,1907,0.5
38,1959,0.5
38,2134,1
38,2169,0.5
38,2180,1
38,2364,1
38,2365,1
38,2366,1
38,2367,1
38,2368,1
38,2369,1
38,2370,1
38,2371,1
38,2372,1
38,2373,1
38,2374,1
38,2375,1
38,2376,0.5
38,2377,1
38,2378,1
38,2381,0.5
38,2382,1
39,53,0.5
39,79,1
39,81,0.5
39,181,0.5
39,185,0.5
39,195,1
39,238,1
39,355,1
39,422,0.5
39,547,0.5
39,563,1
39,571,1
39,609,1
39,610,0.5
39,612,1
39,652,0.5
39,709,1
39,716,1
39,731,1
39,735,1
39,743,1
39,770,1
39,784,1
39,816,1
39,850,1
39,1007,0.5
39,1026,1
39,1037,0.5
39,1067,0.5
39,1069,1
39,1119,0.5
39,1510,0.5
39,1583,0.5
39,2740,0.5
39,2741,0.5
40,178,1
40,563,0.5
40,612,0.5
40,690,0.5
40,743,0.5
40,751,1
40,793,0.5
40,1008,0.5
41,1871,1
41,1876,1
42,113,0.5
42,243,0.5
42,247,1
42,287,0.5
42,547,0.5
42,711,0.5
42,768,0.5
42,1109,1
42,1328,1
42,2715,1
43,46,0.666667
43,49,0.666667
43,53,0.666667
43,70,1
43,79,0.666667
43,80,0.5
43,82,0.5
43,117,0.666667
43,121,0.5
43,129,1
43,131,1
43,133,1
43,135,1
43,139,1
43,149,0.666667
43,174,0.666667
43,221,0.666667
43,244,1
43,258,0.666667
43,261,1
43,276,0.666667
43,284,0.666667
43,301,0.5
43,320,0.5
43,349,0.666667
43,373,0.666667
43,521,1
43,528,1
43,529,1
43,540,1
43,541,0.666667
43,542,1
43,547,0.666667
43,554,0.5
43,556,1
43,562,0.666667
43,563,0.666667
43,564,1
43,565,0.5
43,571,0.666667
43,574,1
43,587,1
43,588,0.5
43,589,0.666667
43,590,1
43,609,0.666667
43,610,1
43,612,0.666667
43,616,0.666667
43,617,0.666667
43,622,1
43,624,1
43,625,1
43,626,0.5
43,627,1
43,628,1
43,630,0.5
43,637,0.666667
43,659,1
43,675,1
43,681,1
43,682,0.666667
43,690,0.666667
43,704,0.5
43,709,0.666667
43,710,0.5
43,711,0.666667
43,715,0.666667
43,716,0.666667
43,731,0.666667
43,735,0.5
43,743,0.666667
43,757,0.666667
43,762,0.666667
43,769,0.666667
43,778,0.666667
43,784,0.666667
43,799,0.5
43,812,0.5
43,816,0.666667
43,822,1
43,839,1
43,842,1
43,856,1
43,910,0.5
43,950,0.5
43,1008,0.5
43,1021,1
43,1026,0.5
43,1038,0.5
43,1043,0.5
43,1048,0.5
43,1162,1
43,1172,0.5
43,1189,0.5
43,1228,1
43,1243,0.5
43,1283,1
43,1299,0.5
43,1327,1
43,1354,0.5
43,1360,0.666667
43,1408,0.5
43,1412,0.5
43,1437,0.5
43,1444,0.5
43,1445,1
43,1459,0.5
43,1476,0.5
43,1477,0.5
43,1481,0.666667
43,1508,0.5
43,1512,0.5
43,1513,0.5
43,1514,1
43,1515,1
43,1516,0.5
43,1518,1
43,1523,1
43,1529,1
43,1530,1
43,1532,1
43,1533,1
43,1534,0.5
43,1535,0.5
43,1536,0.5
43,1538,1
43,1540,1
43,1541,1
43,1542,0.5
43,1549,1
43,1551,1
43,1552,1
43,1553,1
43,1554,1
43,1555,1
43,1556,1
43,1561,1
43,1562,0.5
44,351,1
44,681,0.5
44,842,0.5
44,1321,1
44,3429,1
45,46,0.5
45,55,0.5
45,131,0.5
45,157,0.5
45,539,0.75
45,582,0.75
45,583,0.666667
45,584,0.666667
45,604,0.666667
45,608,0.5
45,804,0.5
45,1032,0.5
45,1133,0.5
45,1134,0.75
45,1178,1
45,1327,0.5
45,1396,1
45,1410,1
45,1423,0.5
45,1577,0.5
45,1611,0.666667
45,1697,0.5
45,1699,0.5
45,1701,0.5
45,1702,0.666667
45,1705,0.5
45,1709,0.5
45,1711,1
45,1714,1
45,1723,0.5
45,1724,0.666667
45,1725,1
45,1735,0.5
45,1738,0.75
45,1784,1
45,1793,1
45,2130,1
45,2131,1
45,2135,1
45,2136,1
45,2137,1
45,2139,1
45,2140,1
46,49,0.666667
46,50,0.666667
46,53,0.666667
46,55,0.5
46,69,0.5
46,70,0.666667
46,79,0.666667
46,80,1
46,133,0.666667
46,135,0.666667
46,136,0.666667
46,139,0.666667
46,157,0.5
46,261,0.666667
46,269,0.666667
46,284,0.666667
46,520,0.666667
46,528,0.666667
46,529,0.666667
46,535,0.666667
46,541,0.666667
46,542,0.666667
46,545,0.5
46,556,0.5
46,562,0.666667
46,563,0.666667
46,571,0.5
46,574,0.666667
46,584,1
46,587,0.666667
46,590,0.5
46,608,0.5
46,617,0.75
46,627,0.666667
46,635,0.5
46,674,0.5
46,675,0.5
46,681,0.666667
46,682,0.5
46,689,0.5
46,711,0.666667
46,767,0.5
46,769,0.666667
46,804,0.5
46,876,0.666667
46,1021,0.666667
46,1032,0.5
46,1133,0.5
46,1134,0.75
46,1178,0.5
46,1316,0.5
46,1423,0.5
46,1564,0.5
46,1575,0.5
46,1577,0.5
46,1697,0.5
46,1698,0.5
46,1699,0.5
46,1700,0.5
46,1701,0.5
46,1703,0.5
46,1704,0.5
46,1705,0.5
46,1706,1
46,1707,0.5
46,1708,0.5
46,1709,0.5
46,1710,0.5
46,1711,1
46,1712,0.5
46,1713,1
46,1714,1
46,1715,1
46,1716,1
46,1717,1
46,1718,0.5
46,1719,0.5
46,1722,0.5
46,1723,0.5
46,1725,1
46,1727,1
46,1728,0.5
46,1729,1
46,1730,0.5
46,1731,0.5
46,1732,0.5
46,1734,1
46,1735,0.5
46,1736,1
46,1737,1
46,1739,0.5
46,1744,0.5
46,1745,0.5
46,1746,0.5
46,1747,0.5
46,1748,0.5
46,1749,1
46,1750,1
46,1751,1
46,1752,1
46,1753,1
46,1754,1
46,1755,0.5
46,1756,1
46,1757,1
46,1758,1
46,1759,1
46,1760,1
46,1761,0.5
46,1762,1
46,1763,1
46,1764,1
46,1765,0.5
46,1766,1
46,1767,0.5
46,1768,1
46,1769,1
46,1770,1
46,1771,1
46,1772,1
46,1773,1
46,1774,1
46,1775,1
46,1776,1
46,1777,1
46,1778,1
46,1779,1
46,1780,1
46,1781,1
46,1782,1
46,1783,1
46,1784,1
46,1785,1
46,1786,1
46,1787,0.5
46,1788,1
46,1789,0.5
46,1790,1
46,1791,1
46,1792,0.5
46,1793,1
46,1794,1
46,1795,1
46,1796,1
46,1797,1
46,1798,1
46,1799,0.5
46,1800,0.5
46,1801,1
46,1802,1
46,1803,0.5
46,1804,0.5
46,1809,1
48,51,1
48,72,0.666667
48,136,0.666667
48,517,0.666667
48,531,0.666667
48,534,0.666667
48,538,0.666667
48,552,0.5
48,579,1
48,594,0.666667
48,601,0.5
48,634,0.5
48,672,0.5
48,680,0.666667
48,686,0.666667
48,701,1
48,821,0.5
48,989,0.5
48,1428,0.666667
48,1485,1
48,1818,0.666667
48,1984,1
48,2205,1
49,50,0.666667
49,51,0.666667
49,53,0.666667
49,70,0.666667
49,79,0.666667
49,80,0.5
49,133,0.666667
49,135,0.666667
49,136,1
49,139,0.666667
49,144,0.5
49,149,1
49,154,0.5
49,238,0.5
49,269,0.666667
49,276,0.666667
49,349,1
49,373,0.666667
49,396,0.5
49,514,0.5
49,515,0.666667
49,519,0.666667
49,520,0.666667
49,521,0.666667
49,524,0.666667
49,525,1
49,528,0.666667
49,529,0.666667
49,530,0.5
49,532,0.5
49,535,1
49,536,0.5
49,540,0.666667
49,541,0.666667
49,542,0.666667
49,547,0.666667
49,551,0.5
49,552,0.5
49,553,0.5
49,556,0.666667
49,558,0.666667
49,561,1
49,562,0.666667
49,563,0.666667
49,564,0.666667
49,570,0.666667
49,571,0.666667
49,574,0.666667
49,576,0.5
49,578,0.5
49,579,0.666667
49,580,0.5
49,581,1
49,584,0.666667
49,587,0.666667
49,590,0.666667
49,595,0.5
49,596,0.5
49,597,0.666667
49,598,0.5
49,599,0.5
49,600,0.5
49,601,0.5
49,602,1
49,603,0.5
49,605,1
49,606,1
49,607,0.5
49,609,0.666667
49,610,0.666667
49,612,0.666667
49,616,0.666667
49,617,0.666667
49,620,0.666667
49,622,0.666667
49,624,0.666667
49,625,0.666667
49,627,0.666667
49,629,0.5
49,632,0.5
49,634,0.5
49,635,0.5
49,637,1
49,638,0.5
49,639,0.5
49,642,0.5
49,644,0.666667
49,645,1
49,646,0.5
49,647,0.5
49,648,1
49,649,1
49,651,1
49,653,1
49,657,0.5
49,658,0.5
49,659,0.666667
49,660,0.5
49,661,1
49,664,1
49,666,1
49,667,1
49,668,0.5
49,669,0.5
49,670,0.5
49,671,0.5
49,672,0.5
49,673,0.5
49,675,0.666667
49,676,0.5
49,677,0.5
49,679,0.5
49,681,0.666667
49,682,0.666667
49,683,0.5
49,685,1
49,687,0.5
49,688,1
49,689,0.666667
49,690,0.666667
49,691,0.5
49,693,1
49,695,0.5
49,696,0.5
49,697,0.5
49,698,0.5
49,700,0.5
49,701,0.666667
50,53,0.666667
50,70,1
50,79,0.666667
50,133,1
50,135,1
50,149,0.666667
50,174,0.666667
50,284,0.666667
50,520,1
50,540,1
50,564,1
50,610,1
50,614,0.5
50,615,0.5
50,617,0.666667
50,619,0.5
50,637,0.666667
50,675,1
50,680,0.666667
50,681,1
50,690,0.666667
50,692,0.5
50,711,0.666667
50,1325,0.5
50,1360,0.666667
50,1659,0.5
50,1844,0.5
50,2717,0.5
51,154,0.5
51,402,0.666667
51,517,0.666667
51,535,0.666667
51,543,0.666667
51,544,0.666667
51,557,0.666667
51,567,0.666667
51,579,1
51,597,1
51,607,0.5
51,620,1
51,657,0.5
51,670,0.5
51,688,0.666667
51,695,0.5
51,770,0.5
51,888,0.666667
51,916,0.5
51,940,0.666667
51,986,1
51,994,0.5
51,1026,0.5
51,1486,0.5
51,1812,0.5
51,1818,0.666667
51,1972,0.666667
51,1993,0.5
51,2065,0.5
51,2152,1
51,2225,0.666667
51,2241,1
51,2244,1
51,2245,0.5
53,70,0.666667
53,79,0.666667
53,83,0.5
53,99,1
53,115,0.666667
53,129,0.666667
53,136,0.666667
53,139,0.666667
53,149,0.666667
53,154,0.5
53,221,0.666667
53,238,0.5
53,261,0.666667
53,267,1
53,269,0.666667
53,284,0.666667
53,338,1
53,347,1
53,349,0.666667
53,359,0.5
53,409,0.5
53,515,0.666667
53,519,0.666667
53,520,0.666667
53,521,0.666667
53,524,0.666667
53,528,0.666667
53,529,0.666667
53,535,0.666667
53,540,0.666667
53,547,0.666667
53,562,0.666667
53,570,0.666667
53,587,0.666667
53,616,0.666667
53,617,0.666667
53,622,0.666667
53,624,0.666667
53,635,0.5
53,637,0.666667
53,690,0.666667
53,706,0.666667
53,709,0.666667
53,715,0.666667
53,718,0.5
53,757,0.666667
53,769,0.666667
53,778,0.666667
53,837,1
53,867,0.5
53,876,0.666667
53,918,1
53,931,0.5
53,1162,0.666667
53,1283,0.5
53,1449,1
53,1450,1
53,1451,0.5
53,1452,1
53,1454,0.5
53,1457,1
53,1463,1
53,1465,1
53,1466,1
53,1467,1
53,1472,1
53,1474,1
53,1479,0.5
53,1480,1
53,1483,1
53,1488,1
53,1489,0.5
53,1490,1
53,1492,1
53,1494,0.5
53,1496,0.5
53,1497,1
53,1501,1
53,1502,1
53,1503,1
53,1506,1
55,80,0.5
55,583,1
55,604,1
55,759,1
55,1178,0.5
55,1423,1
55,1698,1
55,1699,1
55,1701,1
55,1702,1
55,1704,1
55,1705,1
55,1709,1
55,1734,1
55,1738,0.75
55,1748,1
55,2439,1
55,2595,1
55,2768,1
55,2769,1
55,2770,1
57,1442,1
57,2219,1
58,63,0.5
58,89,0.5
58,690,0.5
58,717,1
58,732,0.5
58,800,0.5
59,825,1
60,571,1
60,1069,1
61,278,0.5
61,1570,0.5
61,2052,0.5
61,2933,0.5
61,3396,1
61,3397,0.5
62,123,1
62,451,1
62,514,0.5
62,690,0.5
62,715,0.5
62,757,0.5
62,850,0.5
62,1364,1
62,2000,0.5
65,838,1
65,1008,1
67,639,0.5
67,825,0.5
67,2376,0.5
67,2489,0.5
67,3356,1
67,3357,1
67,3358,1
68,113,1
68,139,0.5
68,529,0.5
68,564,0.5
68,587,0.5
68,610,0.5
68,884,0.5
68,1047,0.5
68,1239,0.5
68,1947,1
68,2007,1
69,1263,0.5
69,1423,0.5
69,3588,1
70,115,1
70,120,0.5
70,129,1
70,131,1
70,133,1
70,135,1
70,136,0.666667
70,139,1
70,149,0.666667
70,197,0.5
70,269,1
70,349,0.666667
70,361,1
70,520,1
70,521,1
70,524,1
70,528,1
70,535,0.666667
70,541,0.666667
70,542,1
70,546,0.5
70,553,1
70,554,0.5
70,556,1
70,574,1
70,589,0.666667
70,590,1
70,617,0.666667
70,619,0.5
70,621,1
70,622,1
70,626,0.5
70,627,1
70,630,0.5
70,635,0.5
70,637,0.666667
70,659,1
70,675,1
70,680,0.666667
70,681,1
70,691,0.5
70,715,0.666667
70,762,0.666667
70,768,0.5
70,769,0.666667
70,822,1
70,842,1
70,950,0.5
70,954,1
70,956,1
70,1021,1
70,1099,0.5
70,1118,0.5
70,1195,1
70,1307,0.5
70,1327,1
70,1355,0.5
70,1360,0.666667
70,1477,0.5
70,1514,1
70,1516,0.5
70,1664,0.5
70,1741,1
70,1805,0.5
70,1850,1
70,1851,1
70,1852,1
70,1853,1
70,1855,0.5
70,1862,1
70,1863,1
70,1864,1
70,1865,1
70,1870,1
71,149,1
71,676,1
72,97,0.5
72,124,1
72,151,1
72,274,1
72,281,0.5
72,282,0.666667
72,287,0.5
72,290,0.5
72,292,1
72,293,1
72,297,0.5
72,305,0.666667
72,330,0.5
72,331,0.5
72,1432,0.5
72,1574,0.5
72,1860,1
72,1898,0.5
72,1927,0.5
72,1959,0.5
72,2071,1
72,2085,0.5
72,2125,1
72,2159,1
72,2162,1
72,2163,1
72,2164,1
72,2165,1
72,2166,1
72,2167,0.5
72,2168,0.5
72,2169,0.5
72,2170,1
72,2171,1
72,2172,1
72,2173,1
72,2174,0.5
72,2176,1
72,2177,1
72,2178,1
72,2179,1
72,2180,1
72,2181,1
74,402,1
74,502,0.5
74,534,1
74,560,1
74,566,1
74,644,0.666667
74,686,1
74,900,1
74,912,1
74,986,1
74,2566,0.5
74,3067,0.5
75,265,0.5
75,534,0.5
75,544,0.5
75,701,0.5
75,3448,1
78,188,1
79,80,0.5
79,84,0.5
79,154,1
79,159,0.5
79,160,1
79,167,1
79,174,1
79,184,0.5
79,185,0.5
79,202,1
79,238,1
79,276,1
79,284,1
79,349,0.666667
79,410,1
79,422,0.5
79,523,0.5
79,529,0.666667
79,541,1
79,542,0.666667
79,548,0.5
79,549,0.5
79,563,1
79,564,0.666667
79,570,1
79,571,1
79,584,0.666667
79,609,1
79,610,0.666667
79,611,0.5
79,612,1
79,616,1
79,617,0.666667
79,625,0.666667
79,682,0.666667
79,687,1
79,690,1
79,706,1
79,709,1
79,715,1
79,716,1
79,728,1
79,731,1
79,743,1
79,752,0.5
79,762,1
79,769,1
79,770,1
79,784,1
79,794,0.5
79,831,1
79,838,0.5
79,839,0.5
79,850,1
79,857,1
79,876,0.666667
79,884,0.666667
79,928,1
79,1008,1
79,1016,1
79,1025,0.5
79,1026,1
79,1034,1
79,1043,1
79,1046,0.5
79,1048,1
79,1069,1
79,1080,1
79,1084,0.5
79,1085,0.5
79,1086,0.5
79,1087,0.5
79,1088,0.5
79,1089,1
79,1184,0.5
79,1248,0.5
79,1517,0.5
79,1520,1
79,1566,0.5
79,2012,0.5
79,2118,1
79,2157,1
79,2296,0.5
79,2383,1
79,2384,1
79,2386,0.5
79,2387,0.5
79,2388,1
79,2389,1
79,2390,1
79,2391,1
79,2392,1
79,2394,1
79,2395,0.5
79,2396,1
79,2397,1
79,2398,1
79,2399,1
80,261,0.5
80,276,0.5
80,539,0.5
80,541,0.5
80,563,0.5
80,564,0.5
80,582,0.5
80,583,0.5
80,584,1
80,604,0.5
80,612,0.5
80,687,0.5
80,732,0.5
80,757,0.5
80,770,0.5
80,784,0.5
80,850,0.5
80,1069,0.5
80,1423,0.5
80,1575,0.5
80,1611,0.5
80,1704,0.5
80,1712,0.5
80,1719,0.5
80,1722,0.5
80,1723,0.5
80,1728,0.5
80,1732,0.5
80,1735,0.5
80,1738,0.5
80,1792,0.5
80,2437,1
80,2650,1
80,2651,1
80,2652,1
80,2653,0.5
80,2654,1
80,2655,0.5
81,743,0.5
81,1583,1
82,133,0.5
82,135,0.5
82,139,0.5
82,261,0.5
82,540,0.5
82,548,0.5
82,587,0.5
82,627,0.5
82,675,0.5
82,839,0.5
82,884,0.5
82,1021,0.5
82,1387,0.5
82,1806,0.5
82,2918,1
82,3022,1
83,285,1
83,869,0.5
83,1099,0.5
83,1543,1
83,2029,0.5
83,2072,0.5
83,2871,1
83,2873,0.5
83,2874,1
83,2875,1
83,2876,1
83,2877,1
83,2878,1
83,2879,1
83,2880,1
84,178,1
84,355,0.5
84,612,0.5
84,716,0.5
84,770,0.5
84,1510,0.5
84,1569,1
84,2122,1
84,2743,1
85,716,1
85,752,1
85,778,1
87,97,1
88,123,1
88,174,0.5
88,178,1
88,238,0.5
88,355,0.5
88,2743,1
89,102,1
89,571,0.5
89,850,0.5
89,1311,0.5
89,3030,0.5
92,422,1
92,612,0.5
92,706,0.5
92,770,0.5
92,808,0.5
92,961,0.5
92,1010,0.5
92,1328,0.5
92,1805,0.5
92,2157,1
92,2346,0.5
92,3346,1
92,3347,0.5
94,690,0.5
94,714,1
94,728,0.5
94,1007,0.5
94,1024,1
94,2072,1
94,2741,0.5
95,123,1
95,1522,1
96,146,1
96,537,1
96,672,1
96,699,0.666667
96,916,0.5
96,1740,1
96,2024,1
96,2301,0.5
96,2744,1
96,2745,1
96,2747,1
96,2748,1
96,2749,1
96,2750,1
96,2751,1
97,239,0.5
97,418,1
97,1927,0.5
97,2085,1
97,2164,1
97,2896,1
97,2897,1
97,2898,1
97,2899,1
97,2900,1
97,2901,1
97,2903,0.5
97,2904,0.5
97,2905,0.5
98,571,1
98,752,1
100,276,0.5
100,690,0.5
100,751,0.5
100,2626,1
100,2767,1
101,586,1
101,1069,1
102,192,0.5
102,762,0.5
102,816,0.5
102,1912,1
102,2598,1
104,1929,1
104,1939,1
104,2054,1
105,451,1
105,514,0.5
105,690,0.5
105,1187,1
105,1579,1
106,690,1
106,816,1
106,1364,1
107,690,1
107,784,1
107,850,1
108,2393,1
108,3398,1
109,225,0.5
109,452,0.5
109,876,0.5
109,935,1
109,1018,0.5
109,1898,0.5
109,2126,0.5
109,2132,0.5
109,2133,0.5
109,2161,0.5
109,2228,1
109,2489,0.5
109,2490,1
109,2491,1
109,2492,0.5
112,2085,1
113,139,0.5
113,244,0.5
113,254,0.5
113,540,0.5
113,624,0.5
115,131,1
115,135,1
115,276,0.666667
115,284,0.666667
115,291,1
115,316,0.5
115,358,1
115,476,0.5
115,540,1
115,547,0.666667
115,556,1
115,564,1
115,574,1
115,610,1
115,624,1
115,627,1
115,681,1
115,689,0.666667
115,690,0.666667
115,715,0.666667
115,731,0.666667
115,732,0.666667
115,842,1
115,850,0.666667
115,1048,0.5
115,1099,0.5
115,1162,1
115,1296,1
115,1360,0.666667
115,1406,0.5
115,1481,0.666667
115,1534,0.5
115,2229,0.5
115,2850,0.5
115,2851,1
115,2852,1
117,135,0.666667
117,139,0.666667
117,195,1
117,258,1
117,276,1
117,284,1
117,523,0.5
117,535,0.666667
117,540,0.666667
117,547,0.666667
117,564,0.666667
117,570,1
117,690,1
117,711,0.666667
117,713,0.5
117,716,1
117,757,1
117,774,1
117,778,1
117,816,1
117,850,1
117,1023,0.5
117,1059,0.5
117,1311,0.5
117,1478,1
119,966,0.5
119,1328,0.5
120,523,0.5
120,1224,1
120,1233,1
120,1317,1
121,269,0.5
121,290,0.5
121,296,0.5
121,564,0.5
121,587,0.5
121,625,0.5
121,1244,1
121,1481,0.5
121,1664,1
121,3134,1
123,195,0.5
123,231,0.5
123,258,0.5
123,563,0.5
123,616,0.5
123,690,0.5
123,725,0.5
123,869,1
123,1204,0.5
123,1260,1
123,2072,1
126,305,0.5
126,345,1
126,528,0.5
126,564,0.5
126,589,0.5
126,610,0.5
126,615,1
126,624,0.5
126,1481,0.5
126,2659,1
127,1446,1
129,133,1
129,135,1
129,139,1
129,149,0.666667
129,329,1
129,528,1
129,540,1
129,564,1
129,570,0.666667
129,590,1
129,610,1
129,612,0.666667
129,627,1
129,709,0.666667
129,778,0.666667
129,816,0.666667
129,884,1
129,1038,0.5
129,1189,0.5
129,1197,1
129,1296,1
129,1318,0.5
129,1368,0.5
129,1475,1
129,1477,0.5
129,1481,0.666667
129,1542,0.5
129,1669,0.5
129,1997,0.5
129,2146,1
129,2916,1
129,2917,1
129,2918,0.5
131,133,1
131,136,0.5
131,139,1
131,269,1
131,358,1
131,361,1
131,524,1
131,535,0.5
131,542,1
131,554,0.5
131,557,0.5
131,589,1
131,612,0.5
131,617,0.5
131,625,1
131,637,0.5
131,876,0.5
131,1412,0.5
131,3085,1
131,3127,0.5
132,239,1
133,135,1
133,139,1
133,149,0.666667
133,261,1
133,262,0.666667
133,276,0.666667
133,334,0.5
133,342,0.5
133,345,0.5
133,349,0.666667
133,476,0.5
133,480,0.5
133,519,1
133,520,1
133,521,1
133,528,1
133,535,0.666667
133,542,1
133,547,0.666667
133,554,0.5
133,556,1
133,562,0.666667
133,575,1
133,590,1
133,614,0.5
133,622,1
133,625,1
133,627,1
133,630,0.5
133,659,1
133,681,1
133,682,0.666667
133,715,0.666667
133,762,0.666667
133,856,1
133,884,1
133,910,0.5
133,1118,0.5
133,1131,0.5
133,1240,0.5
133,1252,0.666667
133,1296,1
133,1327,1
133,1395,0.5
133,1408,0.5
133,1411,1
133,1412,0.5
133,1424,1
133,1459,0.5
133,1672,0.5
133,1677,1
133,1690,0.5
133,1726,0.5
133,1741,1
133,1844,0.5
133,1950,0.5
133,2008,0.5
133,2061,1
133,2289,1
133,2308,0.5
133,2403,0.5
133,2536,1
133,2850,0.5
133,3697,1
133,3755,1
133,3757,1
134,305,0.666667
134,345,0.5
134,360,1
134,1481,0.666667
134,1516,0.5
135,136,0.666667
135,139,1
135,149,0.666667
135,174,0.666667
135,261,1
135,269,1
135,276,0.666667
135,345,0.5
135,348,1
135,349,0.666667
135,350,0.5
135,351,0.5
135,519,1
135,520,1
135,521,1
135,524,1
135,528,1
135,529,1
135,535,0.666667
135,540,1
135,541,0.666667
135,542,1
135,553,1
135,554,0.5
135,556,1
135,562,0.666667
135,563,0.666667
135,565,0.5
135,574,1
135,575,1
135,589,0.666667
135,590,1
135,617,0.666667
135,625,1
135,627,1
135,628,1
135,630,0.5
135,637,0.666667
135,659,1
135,681,1
135,687,0.5
135,691,0.5
135,715,0.666667
135,731,0.666667
135,750,0.5
135,762,0.666667
135,812,0.5
135,822,1
135,842,1
135,876,0.666667
135,879,1
135,910,0.5
135,920,0.5
135,950,0.5
135,960,1
135,1021,1
135,1118,0.5
135,1196,0.5
135,1238,1
135,1239,0.666667
135,1240,0.5
135,1243,0.5
135,1249,0.666667
135,1250,0.666667
135,1307,0.5
135,1319,0.5
135,1368,0.5
135,1390,1
135,1391,1
135,1392,1
135,1393,1
135,1395,0.5
135,1397,1
135,1399,0.5
135,1401,1
135,1402,0.5
135,1403,1
135,1405,0.5
135,1406,0.5
135,1407,1
135,1408,0.5
135,1409,0.5
135,1411,1
135,1412,0.5
135,1413,1
135,1414,1
135,1416,1
135,1418,1
135,1421,1
135,1424,1
135,1426,1
135,1427,0.5
135,1429,1
135,1434,0.5
135,1435,1
135,1436,0.5
135,1437,0.5
135,1439,0.5
135,1441,1
136,139,0.666667
136,528,0.666667
136,547,0.666667
136,552,0.5
136,564,0.666667
136,571,0.666667
136,574,0.666667
136,627,0.666667
136,681,0.666667
136,682,0.666667
136,688,1
136,689,0.666667
136,690,0.666667
136,711,0.666667
136,715,0.666667
136,847,0.5
136,932,0.5
136,966,0.5
136,1162,0.666667
136,1417,0.5
136,1485,0.666667
136,1498,1
136,1854,0.5
136,2291,0.5
136,2315,1
136,2513,0.5
136,2514,1
137,507,0.5
137,511,1
137,577,1
137,579,0.666667
137,592,1
137,593,1
137,594,1
137,640,1
137,932,1
137,970,1
137,1095,1
137,1740,1
137,1940,1
137,2113,1
137,2283,1
137,2340,1
137,2954,1
139,149,0.666667
139,244,1
139,261,1
139,262,0.666667
139,269,1
139,284,0.666667
139,305,0.666667
139,320,0.5
139,328,0.5
139,348,1
139,349,0.666667
139,358,1
139,373,0.666667
139,520,1
139,521,1
139,528,1
139,529,1
139,535,0.666667
139,541,0.666667
139,542,1
139,546,0.5
139,554,0.5
139,556,1
139,562,0.666667
139,563,0.666667
139,564,1
139,570,0.666667
139,572,0.5
139,574,1
139,584,0.666667
139,610,1
139,612,0.666667
139,615,0.5
139,617,0.666667
139,622,1
139,627,1
139,659,1
139,675,1
139,681,1
139,682,0.666667
139,704,0.5
139,709,0.666667
139,715,0.666667
139,750,0.5
139,812,0.5
139,822,1
139,839,1
139,842,1
139,876,0.666667
139,879,1
139,887,0.5
139,996,0.5
139,1008,0.5
139,1021,1
139,1034,0.5
139,1162,1
139,1238,1
139,1239,0.666667
139,1240,0.5
139,1270,0.5
139,1274,0.5
139,1275,0.5
139,1283,1
139,1307,0.5
139,1392,1
139,1424,1
139,1535,0.5
139,1536,0.5
139,1659,0.5
139,1925,1
139,1942,1
139,1943,1
139,1947,1
139,1948,1
139,1950,0.5
139,1952,1
139,1954,1
139,1956,1
139,1962,1
139,1963,1
139,1967,1
140,555,0.666667
140,591,1
140,592,1
140,620,0.666667
140,632,1
140,636,0.5
140,907,1
140,943,0.5
140,1153,1
140,1419,0.5
140,1505,1
140,1742,1
140,1923,1
140,2312,0.666667
140,2616,1
140,2700,0.5
140,2914,1
140,2915,1
141,395,0.5
141,3452,1
141,3642,1
144,149,0.5
144,543,0.5
144,601,1
144,688,0.5
145,395,1
145,962,1
145,1874,1
145,2370,0.666667
146,527,1
146,597,0.5
146,629,1
146,890,1
146,2285,0.5
146,2342,1
146,3355,1
147,894,0.5
148,673,1
148,969,0.5
149,154,0.5
149,265,0.5
149,269,0.666667
149,394,0.5
149,520,0.666667
149,524,0.666667
149,530,0.5
149,535,1
149,540,0.5
149,541,0.666667
149,542,0.666667
149,551,0.5
149,558,0.666667
149,578,0.5
149,579,0.5
149,590,0.5
149,595,0.5
149,597,0.666667
149,598,0.5
149,599,0.5
149,602,1
149,603,0.5
149,607,0.5
149,617,0.5
149,620,0.666667
149,624,0.666667
149,629,0.5
149,637,1
149,644,0.666667
149,647,0.5
149,659,0.666667
149,670,0.5
149,672,0.5
149,679,0.5
149,683,0.5
149,687,0.5
149,688,1
149,695,0.5
149,696,0.5
149,697,0.5
149,701,0.666667
149,715,0.666667
149,726,1
149,769,0.666667
149,774,0.666667
149,871,1
149,890,0.5
149,891,1
149,892,0.5
149,893,0.5
149,895,0.5
149,896,0.5
149,897,1
149,898,1
149,899,1
149,901,1
149,902,1
149,903,1
149,904,1
149,906,1
149,908,0.5
149,909,0.5
149,911,0.5
149,912,1
149,913,1
149,915,0.5
149,916,0.5
149,917,0.5
149,919,1
149,921,0.5
149,922,1
149,923,0.5
149,924,0.5
149,925,0.5
149,926,1
149,927,1
149,932,0.5
149,933,0.5
149,934,0.5
149,936,1
149,938,0.5
149,939,1
149,941,0.5
149,942,0.5
149,943,0.5
149,944,0.5
149,945,1
149,946,0.5
149,947,0.5
149,948,1
149,949,0.5
149,951,1
149,957,0.5
149,963,1
149,964,1
149,966,0.5
149,967,1
149,969,0.5
149,971,0.5
149,972,0.5
149,973,0.5
149,974,0.5
149,975,1
149,977,0.5
149,979,1
149,980,1
149,981,1
149,983,0.5
149,984,1
149,985,0.5
149,986,1
149,988,0.5
149,989,0.5
149,990,1
149,991,1
149,992,1
149,993,0.5
149,994,0.5
149,995,1
149,997,0.5
149,998,1
149,999,1
149,1000,0.5
149,1001,1
149,1002,1
149,1004,1
149,1005,1
149,1006,1
150,502,0.5
150,568,1
150,579,0.5
150,598,1
150,632,1
150,970,1
150,985,0.5
150,987,1
150,2665,1
151,380,1
153,541,0.5
153,562,0.5
153,563,0.5
153,571,0.5
153,612,0.5
153,652,1
153,778,0.5
153,1230,0.5
153,2225,0.5
153,3116,1
154,284,1
154,512,1
154,529,0.5
154,548,0.5
154,562,1
154,571,1
154,624,0.5
154,652,0.5
154,709,1
154,716,1
154,743,1
154,757,1
154,770,1
154,784,1
154,802,0.5
154,831,1
154,884,0.5
154,1017,0.5
154,3114,1
154,3115,0.5
155,2639,1
157,604,0.5
157,1134,0.5
157,1178,0.5
157,1423,0.5
157,1699,0.5
157,1701,0.5
157,1745,0.5
157,2434,1
159,184,1
160,1069,1
161,189,1
161,612,0.5
161,816,0.5
161,1098,1
161,1311,1
162,261,1
162,305,1
162,564,1
162,589,1
162,1806,1
165,1094,1
165,1517,0.5
166,3493,1
167,1007,1
171,276,0.5
171,735,0.5
174,189,0.5
174,238,1
174,284,1
174,355,0.666667
174,373,0.666667
174,540,0.666667
174,541,1
174,547,0.666667
174,562,1
174,563,1
174,564,0.666667
174,610,0.666667
174,612,1
174,688,0.666667
174,689,0.666667
174,690,1
174,691,1
174,716,1
174,731,1
174,735,1
174,774,1
174,816,1
174,876,0.666667
174,884,0.666667
174,1162,0.666667
175,1440,1
176,815,1
176,3293,1
178,419,1
178,422,1
178,441,1
178,1453,1
178,1519,1
178,2950,0.5
178,3324,1
181,716,0.5
181,743,0.5
181,778,0.5
181,1098,0.5
181,1311,0.5
181,2021,1
183,195,1
183,713,1
184,563,0.5
184,571,0.5
184,612,0.5
184,690,0.5
184,716,0.5
184,721,0.5
184,743,0.5
184,816,0.5
184,1310,0.5
185,284,0.5
185,355,0.5
185,563,0.5
185,612,0.5
185,616,0.5
185,690,0.5
185,716,0.5
185,774,0.5
185,778,0.5
185,805,1
185,810,0.5
185,816,0.5
185,1009,1
185,1017,1
185,1026,0.5
185,1047,1
185,1311,1
185,1579,1
185,2920,1
186,547,0.5
186,1118,0.5
187,816,1
187,878,1
188,2903,1
188,3610,1
189,258,0.5
189,586,1
189,690,0.5
189,716,0.5
189,743,0.5
189,752,1
189,778,0.5
189,816,0.5
189,831,0.5
189,850,0.5
189,1017,1
189,1311,1
189,1579,1
189,1916,1
189,2101,0.5
189,2122,1
191,616,0.5
191,690,0.5
191,774,0.5
191,1015,1
192,258,0.5
192,690,0.5
192,715,0.5
192,716,0.5
192,743,0.5
192,752,1
192,784,0.5
192,811,1
192,816,0.5
192,1364,1
192,1460,1
192,2142,1
192,3109,0.5
192,3110,0.5
192,3111,1
193,867,0.5
193,2393,1
195,355,1
195,428,1
195,524,0.5
195,564,0.5
195,586,0.5
195,612,1
195,616,1
195,624,0.5
195,690,1
195,691,1
195,711,0.5
195,721,0.5
195,729,1
195,752,0.5
195,762,1
195,770,1
195,778,1
195,794,0.5
195,853,1
195,876,0.5
195,1010,0.5
195,1013,1
195,1048,1
195,1115,1
195,1211,1
195,1280,1
195,1311,0.5
195,2086,1
195,2118,1
195,2402,1
195,2727,1
195,2728,1
195,2729,1
196,287,1
196,2899,1
197,521,0.5
197,540,0.5
197,564,0.5
197,675,0.5
197,3371,1
201,711,1
202,706,1
204,257,0.5
204,2147,1
207,276,0.5
207,612,0.5
207,690,0.5
207,743,0.5
207,778,0.5
207,3110,1
207,3394,1
209,215,1
209,725,1
209,878,1
209,1043,0.5
215,784,0.5
215,3549,1
216,276,1
216,784,1
218,869,1
221,258,1
221,284,1
221,349,0.666667
221,515,0.666667
221,529,0.666667
221,540,0.666667
221,541,1
221,547,0.666667
221,564,0.666667
221,609,1
221,610,0.666667
221,612,1
221,616,1
221,690,1
221,706,1
221,725,0.5
221,757,1
221,778,1
221,816,1
221,847,0.5
221,1023,0.5
221,1025,0.5
221,1026,1
221,1034,1
221,1048,1
221,1398,0.5
221,1583,0.5
221,2952,1
221,2953,1
223,514,1
223,690,1
225,254,0.5
225,264,1
225,269,0.5
225,540,0.5
225,564,0.5
225,822,0.5
225,847,0.5
225,1099,1
225,1315,0.5
227,711,1
229,690,1
229,718,1
229,838,1
230,3758,1
231,258,0.5
231,451,0.5
231,612,0.5
231,816,0.5
231,1290,1
231,1386,1
231,1946,1
231,2078,1
231,2104,0.5
235,2899,1
236,244,1
236,515,1
236,529,1
236,540,1
236,564,1
238,284,1
238,355,1
238,451,0.5
238,541,1
238,558,0.5
238,570,1
238,571,1
238,584,0.5
238,609,1
238,612,1
238,652,0.5
238,728,1
238,743,1
238,850,1
238,1023,0.5
238,1025,0.5
238,1026,1
238,1248,0.5
238,1565,0.5
238,1569,1
238,2033,1
238,3065,1
238,3066,1
239,365,1
239,380,1
239,1574,0.5
239,2933,0.5
239,3016,1
239,3017,1
239,3018,1
239,3019,0.5
241,277,1
241,682,1
241,1071,1
242,876,1
243,547,0.5
243,711,0.5
243,1300,1
243,2022,0.5
244,262,0.666667
244,276,0.666667
244,284,0.666667
244,515,1
244,521,1
244,540,1
244,547,0.666667
244,562,0.666667
244,564,1
244,570,0.666667
244,624,1
244,625,1
244,675,1
244,690,0.666667
244,711,0.666667
244,718,0.5
244,731,0.666667
244,732,0.666667
244,743,0.666667
244,757,0.666667
244,768,0.5
244,769,0.666667
244,799,0.5
244,856,1
244,857,0.666667
244,1151,1
244,1221,1
244,1227,1
244,1233,0.5
244,1439,0.5
244,2007,0.5
244,2438,0.5
244,2759,1
244,2761,0.5
246,278,1
249,1169,0.5
250,1614,1
252,2472,1
252,3614,1
252,3725,1
253,276,1
253,855,1
254,317,1
254,570,0.5
254,690,0.5
254,706,0.5
254,715,0.5
254,729,1
254,853,1
254,880,0.5
254,1886,1
254,3221,0.5
256,814,1
256,1071,1
256,1653,1
257,277,1
257,1019,1
257,1042,1
257,1071,1
257,1249,0.5
257,1250,0.5
257,1251,0.5
257,1252,0.5
257,1322,1
257,1439,0.666667
257,1596,1
257,1612,1
257,1619,1
257,1621,0.5
257,1624,0.5
257,1626,1
257,1644,1
257,2275,1
257,2277,1
257,2464,1
257,2465,1
257,2466,0.5
257,2467,0.5
257,2468,1
257,2469,1
257,2470,1
257,2471,1
257,2474,1
258,259,1
258,261,0.666667
258,276,1
258,284,1
258,422,0.5
258,515,0.666667
258,523,0.5
258,528,0.666667
258,540,0.666667
258,553,0.5
258,563,1
258,570,1
258,690,1
258,711,0.666667
258,715,1
258,716,1
258,732,1
258,743,1
258,757,1
258,811,0.5
258,816,1
258,844,0.5
258,853,1
258,878,0.5
258,884,0.666667
258,1016,1
258,1046,0.5
258,1067,0.5
258,1280,1
258,1550,1
258,1583,0.5
258,2032,0.5
258,2083,1
258,2101,0.5
258,2401,1
258,2730,1
258,2731,1
259,276,1
259,690,1
259,816,1
259,1311,1
261,284,0.666667
261,540,1
261,571,0.666667
261,584,0.666667
261,610,1
261,622,1
261,627,1
261,692,0.5
261,732,0.666667
261,822,1
261,857,0.666667
261,875,0.5
261,884,1
261,1162,1
261,1249,0.666667
261,1250,0.666667
261,1251,0.666667
261,1252,0.666667
261,1327,1
261,1424,1
261,1512,0.5
261,1659,0.5
261,1668,0.5
261,1805,0.5
261,2438,0.5
261,2478,1
261,2850,0.5
261,2932,1
261,3006,0.5
261,3245,0.5
261,3373,1
262,515,0.666667
262,540,0.5
262,564,0.5
262,565,0.5
262,680,1
262,701,0.666667
262,768,0.5
262,799,0.5
262,884,0.75
262,1026,0.5
262,1179,0.5
262,1239,1
262,1249,1
262,1250,1
262,1251,1
262,1252,1
262,1439,1
262,2974,0.5
262,2984,1
262,2985,1
262,2986,1
262,2987,1
262,2988,0.5
263,876,1
264,270,1
264,313,1
264,476,1
264,540,0.5
264,564,0.5
264,1179,1
264,1239,0.5
264,1270,0.5
264,1574,0.5
264,2462,1
264,2475,1
264,2567,0.5
264,2974,0.5
265,517,1
265,531,1
265,577,1
265,631,1
265,1740,1
265,1989,0.5
268,271,1
268,682,1
268,1071,1
268,1919,1
269,337,1
269,519,1
269,520,1
269,528,1
269,562,0.666667
269,571,0.666667
269,590,1
269,610,1
269,612,0.666667
269,627,1
269,635,0.5
269,681,1
269,689,0.666667
269,715,0.666667
269,716,0.666667
269,731,0.666667
269,774,0.666667
269,842,1
269,850,0.666667
269,1034,0.5
269,1162,1
269,1327,1
269,1408,0.5
269,1455,0.5
269,1481,0.666667
269,1542,0.5
269,1670,0.5
269,1672,0.5
269,1675,1
269,2462,0.5
269,2463,1
271,283,0.5
271,356,1
271,682,0.5
271,828,1
271,1019,0.5
271,1036,1
271,1071,0.5
271,1358,1
271,1477,0.5
271,2003,1
271,2107,0.5
272,624,1
272,875,1
272,1999,1
275,276,1
275,690,1
275,1009,1
275,1016,1
276,349,0.666667
276,373,0.666667
276,410,1
276,419,0.5
276,514,1
276,520,0.666667
276,526,1
276,540,0.5
276,541,1
276,542,0.666667
276,547,0.666667
276,549,0.5
276,563,1
276,564,0.5
276,609,1
276,610,0.5
276,612,1
276,617,0.75
276,659,0.666667
276,675,0.5
276,684,1
276,687,1
276,688,0.666667
276,689,0.5
276,690,1
276,709,1
276,710,1
276,711,0.666667
276,712,0.5
276,718,1
276,731,1
276,732,1
276,743,1
276,757,1
276,762,1
276,774,1
276,777,0.5
276,788,0.5
276,794,0.5
276,810,0.5
276,818,1
276,834,0.5
276,843,1
276,847,0.5
276,850,1
276,853,1
276,857,1
276,861,0.5
276,876,0.666667
276,884,0.5
276,928,1
276,1026,1
276,1043,1
276,1104,1
276,1162,0.666667
276,1213,0.5
276,1238,0.75
276,1266,0.5
276,1283,0.5
276,1284,0.5
276,1568,0.5
276,1578,0.5
276,2000,0.5
276,2074,1
276,2075,1
276,2076,1
276,2078,0.5
276,2079,1
276,2080,1
276,2081,1
276,2082,1
276,2083,1
277,332,1
277,662,0.5
277,682,0.5
277,860,1
277,1011,0.5
277,1019,1
277,1029,0.5
277,1071,1
277,1091,0.5
277,1107,1
277,1212,1
277,1594,0.5
277,1607,1
277,1644,1
277,1653,1
277,1662,1
277,2268,0.5
277,2421,1
277,2425,0.5
277,2631,0.5
277,2979,0.5
277,2980,1
277,2981,1
277,2982,1
277,2983,0.5
278,398,1
278,1887,0.5
278,2073,0.5
281,300,1
281,1898,0.5
281,2085,0.5
282,283,0.666667
282,300,0.5
282,776,0.5
282,1315,0.666667
282,1574,1
282,2085,1
282,2381,0.5
282,2461,1
282,3136,1
282,3137,1
283,589,0.666667
283,1360,0.666667
283,1481,0.666667
284,451,0.5
284,540,0.666667
284,547,0.666667
284,548,0.5
284,562,1
284,563,1
284,564,0.666667
284,571,1
284,609,1
284,610,0.666667
284,612,1
284,624,0.666667
284,625,0.666667
284,687,1
284,689,0.666667
284,690,1
284,710,1
284,711,0.666667
284,713,0.5
284,715,1
284,716,1
284,721,0.5
284,731,1
284,740,1
284,757,1
284,769,1
284,774,1
284,776,0.5
284,784,1
284,795,0.5
284,839,0.5
284,842,0.5
284,850,1
284,857,1
284,876,0.666667
284,953,0.5
284,1021,0.666667
284,1031,0.5
284,1034,1
284,1048,1
284,1119,0.5
284,1298,1
284,1313,1
284,1323,1
284,1327,0.5
284,1573,0.5
284,2067,1
284,2069,1
284,2072,0.5
287,356,0.5
287,1688,0.5
287,2085,1
287,3184,1
290,297,1
291,519,1
291,589,1
291,1360,1
294,296,1
297,1454,0.5
298,304,1
300,3458,1
301,519,0.5
301,542,0.5
301,624,0.5
301,957,0.5
302,675,1
302,1481,1
303,1214,1
303,1536,0.5
303,2875,1
303,3061,1
303,3062,1
305,329,1
305,480,0.5
305,509,1
305,546,0.5
305,564,0.666667
305,589,1
305,610,0.666667
305,627,0.666667
305,628,1
305,1021,0.666667
305,1228,1
305,1235,1
305,1239,1
305,1475,1
305,1476,0.5
305,1481,1
305,1514,1
305,1682,1
305,1806,0.666667
305,2476,1
305,2659,0.5
305,2733,1
305,2734,1
305,2736,1
305,2737,1
305,2739,1
306,308,1
307,3646,1
309,2393,1
312,715,1
312,769,1
315,1433,1
315,1929,0.5
315,1939,0.5
316,519,0.5
316,540,0.5
316,589,0.5
316,1325,1
317,562,1
317,855,1
320,474,1
320,540,0.5
320,588,0.5
320,589,0.5
320,622,0.5
320,659,0.5
320,1412,0.5
320,1690,0.5
320,1997,1
320,2659,1
324,1408,0.5
328,750,1
329,681,1
330,331,1
334,681,0.5
334,1412,1
337,681,1
337,1360,1
339,1442,1
342,345,1
342,515,0.5
342,540,0.5
342,573,1
342,610,0.5
342,3430,1
345,346,1
345,2536,1
345,3191,1
346,681,1
346,1238,1
348,589,1
348,590,1
348,1238,1
349,373,0.666667
349,515,0.666667
349,520,0.666667
349,521,0.666667
349,528,0.666667
349,540,0.666667
349,541,0.666667
349,562,0.666667
349,563,0.666667
349,564,0.666667
349,571,0.666667
349,579,0.666667
349,595,0.5
349,609,0.666667
349,610,0.666667
349,612,0.666667
349,617,0.666667
349,625,0.666667
349,629,0.5
349,644,0.666667
349,647,0.5
349,659,0.666667
349,681,0.666667
349,688,1
349,690,0.666667
349,743,0.666667
349,774,0.666667
349,822,0.666667
349,876,0.666667
349,895,0.5
349,942,0.5
349,989,0.5
349,991,1
349,1162,0.666667
349,1485,0.666667
349,1499,0.5
349,1924,0.5
349,1974,0.5
349,2220,0.5
349,2221,0.5
349,2222,1
349,2223,1
349,2224,0.5
349,2226,0.5
350,524,0.5
350,624,0.5
350,1869,0.5
355,422,0.5
355,562,0.666667
355,563,0.666667
355,620,0.666667
355,690,0.666667
355,691,1
355,725,0.5
355,796,0.5
355,805,0.5
355,831,1
355,1048,1
355,1205,0.5
355,1230,0.5
355,1485,0.666667
355,2296,0.5
355,2493,1
355,2494,1
355,2496,1
355,2497,0.5
355,2498,1
355,2500,1
356,1358,1
356,1477,0.5
356,1528,0.5
356,2089,1
356,2201,1
356,3139,0.5
356,3140,1
358,1999,1
359,459,1
359,1926,0.5
359,2357,0.5
360,554,0.5
360,631,0.666667
360,1095,0.5
360,1327,0.5
360,1387,1
360,1388,1
360,1395,0.5
360,1427,0.5
360,1668,0.5
360,1818,0.666667
360,3190,1
361,564,1
362,547,1
365,2370,1
366,1394,1
366,2099,1
367,1743,1
368,380,1
371,3727,1
372,1743,1
373,519,0.666667
373,535,0.666667
373,540,0.666667
373,557,0.666667
373,562,0.666667
373,610,0.666667
373,617,0.666667
373,624,0.666667
373,635,1
373,659,0.666667
373,690,0.666667
373,691,0.5
373,711,0.666667
373,718,0.5
373,731,0.666667
373,822,0.666667
373,847,0.5
373,856,0.666667
373,968,0.5
373,1021,0.666667
373,1162,0.666667
373,1192,1
373,1869,0.5
373,2376,0.5
373,2453,1
373,2522,0.5
373,2620,1
375,1904,1
375,1965,0.5
377,1548,1
377,1743,1
379,381,1
380,962,1
380,3120,1
380,3494,1
381,557,0.5
381,1362,0.5
381,1400,1
381,1422,0.5
381,2065,0.5
381,2533,0.5
381,3084,0.5
383,1422,1
384,431,1
384,2532,0.5
385,555,0.666667
385,620,0.666667
385,634,0.5
385,914,1
385,1106,0.666667
385,1158,1
385,1359,1
385,1742,1
385,1929,0.5
385,1939,0.666667
385,1949,1
385,2189,1
385,2515,1
385,2516,1
385,2517,1
385,2518,1
385,2519,1
385,2521,0.5
385,2525,1
385,2526,1
385,2527,1
385,2528,1
386,2524,0.5
386,3722,1
387,395,1
387,2752,1
387,3058,1
388,637,0.5
388,1818,0.5
388,3639,0.5
389,1359,1
389,1446,0.5
389,1559,1
389,1960,1
389,2223,1
389,2999,1
389,3498,0.5
391,511,1
391,558,0.666667
391,593,1
391,914,1
391,917,0.5
391,942,1
391,978,1
391,989,1
391,2088,1
391,2153,0.5
391,2460,1
391,2557,1
391,3380,0.5
392,2370,1
393,654,1
393,3634,1
393,3635,1
394,559,0.5
394,688,0.5
394,895,1
394,1972,0.5
394,2224,1
394,3402,1
394,3403,1
394,3404,1
395,962,1
395,2370,0.666667
396,543,0.5
396,568,0.5
396,688,0.5
396,698,1
396,1972,0.5
402,527,1
402,538,1
402,560,1
402,602,1
402,629,1
402,631,1
402,897,1
402,900,1
409,3312,1
415,1030,1
419,778,0.5
419,1314,1
419,2743,1
422,563,0.5
422,612,0.5
422,716,0.5
422,735,0.5
422,743,0.5
422,784,0.5
422,816,0.5
422,1069,0.5
422,1119,1
422,1248,0.5
422,1311,1
422,1521,1
422,1886,1
427,814,1
428,563,1
434,1486,0.5
439,795,0.5
439,1468,1
439,2823,1
441,586,1
448,3196,1
450,540,0.5
450,564,0.5
450,624,0.5
450,1131,0.5
450,1188,1
450,3392,1
451,514,0.5
451,715,0.5
451,800,1
451,802,0.5
451,3271,1
451,3272,1
451,3273,1
452,1320,1
455,1071,1
459,1145,0.5
465,589,1
474,1481,1
476,869,0.5
476,950,1
476,1406,0.5
476,1427,0.5
476,1430,0.5
480,528,0.5
480,564,0.5
480,681,0.5
480,1319,1
480,1672,1
502,2207,1
506,1929,0.5
506,1939,0.5
506,2524,1
506,3030,0.5
507,533,0.5
507,555,1
507,933,0.5
507,1442,1
507,1683,1
507,1856,0.5
507,1891,0.5
507,2617,1
507,2680,0.5
507,2746,1
507,3183,1
509,564,1
510,1683,1
511,559,1
511,579,0.666667
511,596,0.5
511,647,1
511,655,1
511,914,1
511,2513,0.5
511,2665,1
511,3674,0.5
512,563,1
512,728,1
512,1043,1
513,539,1
513,582,1
513,583,1
513,604,1
513,608,0.5
513,1178,0.75
513,1423,0.75
513,1575,1
513,1611,1
513,1701,0.75
513,1705,0.75
513,1724,1
513,1738,1
513,1777,1
513,1787,0.5
513,1792,0.5
513,2927,0.5
513,2928,1
513,2929,1
514,540,0.5
514,564,0.5
514,610,0.5
514,624,0.5
514,637,0.5
514,690,1
514,711,0.5
514,715,1
514,718,1
514,728,1
514,757,1
514,762,1
514,788,0.5
514,793,0.5
514,812,0.5
514,834,0.5
514,861,0.5
514,869,0.5
514,876,0.5
514,1043,1
514,1048,1
514,3105,0.5
514,3106,1
515,528,1
515,540,1
515,546,0.5
515,547,0.666667
515,562,0.666667
515,564,1
515,570,0.666667
515,571,0.666667
515,617,0.666667
515,621,1
515,622,1
515,624,1
515,659,1
515,690,0.666667
515,706,0.666667
515,715,0.666667
515,774,0.666667
515,822,1
515,839,1
515,956,1
515,1131,0.5
515,1171,0.5
515,1172,0.5
515,1238,1
515,2002,1
516,622,0.5
516,1162,0.5
516,1239,0.5
516,2714,1
516,3733,1
517,537,1
517,538,1
517,560,1
517,578,0.5
517,599,0.5
517,600,0.5
517,629,1
517,663,1
517,672,1
517,683,1
517,888,1
517,900,1
517,914,1
517,970,1
517,988,1
517,991,1
517,997,0.5
517,1000,1
517,2112,1
517,2209,1
517,2697,1
517,2883,1
517,2884,1
518,617,0.5
518,1479,0.5
518,1699,0.5
519,528,1
519,540,1
519,546,0.5
519,547,0.666667
519,564,1
519,572,0.5
519,589,0.666667
519,624,1
519,625,1
519,626,0.5
519,659,1
519,715,0.666667
519,731,0.666667
519,822,1
519,847,1
519,856,1
519,879,1
519,910,0.5
519,950,0.5
519,954,1
519,958,0.5
519,1099,0.5
519,1195,1
519,1227,1
519,1238,1
519,1283,1
519,1304,1
519,1307,0.5
519,1481,0.666667
519,1534,0.5
519,1536,0.5
519,1538,1
519,1542,0.5
519,1554,1
519,1938,1
519,2233,0.5
519,2329,1
519,2330,1
519,2331,1
519,2332,1
519,2333,1
520,521,1
520,542,1
520,556,1
520,562,0.666667
520,617,0.666667
520,637,0.666667
520,681,1
520,1021,1
520,1171,0.5
520,1172,0.5
520,1238,1
520,1481,0.666667
520,1999,0.5
520,2308,0.5
521,524,1
521,542,1
521,546,0.5
521,547,0.666667
521,574,1
521,587,1
521,625,1
521,627,1
521,637,0.666667
521,715,0.666667
521,731,0.666667
521,856,1
521,1162,1
521,1195,1
521,1402,0.5
521,1412,0.5
521,1459,0.5
521,1850,1
521,1926,0.5
521,1999,0.5
521,2061,1
521,2289,1
521,2454,1
521,2455,1
521,2456,1
521,2457,1
521,2458,0.5
522,577,0.666667
522,631,0.666667
522,887,0.5
522,958,0.5
522,1118,0.5
522,1387,1
522,1388,1
522,1427,0.5
522,1442,0.666667
522,1561,1
522,1806,1
522,1844,0.5
522,2345,0.5
522,2403,0.5
522,2404,1
522,2405,1
522,2406,1
523,709,0.5
523,716,0.5
523,743,0.5
523,850,0.5
523,1062,0.5
523,1319,0.5
523,2501,1
524,535,0.666667
524,540,1
524,541,0.666667
524,563,0.666667
524,570,0.666667
524,571,0.666667
524,590,1
524,612,0.666667
524,624,1
524,681,1
524,690,0.666667
524,735,0.5
524,774,0.666667
524,799,0.5
524,816,0.666667
524,954,1
524,1048,0.5
524,1162,1
524,1307,0.5
524,1408,0.5
524,1481,0.666667
524,2657,1
524,2659,0.5
526,1522,1
527,537,1
527,552,0.5
527,568,1
527,579,0.666667
527,696,0.5
527,888,1
527,1430,0.666667
527,1486,0.5
527,1740,1
527,1842,0.5
527,2024,1
527,2660,0.5
527,3076,0.5
527,3209,1
528,529,1
528,535,0.666667
528,540,1
528,542,1
528,547,0.666667
528,553,1
528,562,0.666667
528,564,1
528,574,1
528,590,1
528,609,0.666667
528,614,0.5
528,615,0.5
528,617,0.666667
528,622,1
528,625,1
528,627,1
528,637,0.666667
528,659,1
528,681,1
528,715,0.666667
528,774,0.666667
528,812,0.5
528,842,1
528,879,1
528,950,0.5
528,1162,1
528,1188,0.5
528,1196,0.5
528,1221,1
528,1238,1
528,1243,0.5
528,1244,0.5
528,1296,1
528,1304,1
528,1409,0.5
528,1412,0.5
528,1473,0.5
528,1515,1
528,1538,1
528,1561,1
528,1562,0.5
528,1659,0.5
528,1672,0.5
528,1863,1
528,2218,1
528,2308,0.5
528,2321,0.5
528,2322,1
528,2323,1
528,2324,1
528,2326,1
528,2327,1
528,2328,0.5
529,541,0.666667
529,542,1
529,562,0.666667
529,615,0.5
529,625,1
529,635,0.5
529,659,1
529,675,1
529,680,0.666667
529,711,0.666667
529,731,0.666667
529,735,0.5
529,769,0.666667
529,831,0.5
529,857,0.666667
529,1018,0.5
529,1038,0.5
529,1043,0.5
529,1189,0.5
529,1243,0.5
529,1805,0.5
529,2007,0.5
529,2986,1
530,544,0.5
530,579,0.5
530,2185,0.5
530,2225,1
530,2704,0.5
530,2999,0.5
531,534,1
531,544,1
531,591,1
531,940,1
531,983,0.5
531,2660,0.5
532,686,0.5
532,894,1
532,1970,1
532,1989,1
533,538,1
533,543,1
533,560,1
533,655,1
533,656,1
533,829,1
533,1359,1
533,1425,1
533,1966,0.5
533,1991,0.5
533,2488,1
533,2696,1
533,2697,1
533,2698,1
533,2699,1
533,2700,0.5
533,2701,1
533,2702,1
534,537,1
534,538,1
534,577,1
534,601,0.5
534,674,0.5
534,696,0.5
534,698,0.5
534,1428,0.666667
534,1740,1
534,2149,0.5
534,2621,0.5
534,2624,0.5
534,2625,1
535,536,0.5
535,540,0.666667
535,542,0.666667
535,564,0.666667
535,579,0.666667
535,598,0.5
535,599,0.5
535,603,0.5
535,620,0.666667
535,637,1
535,659,0.666667
535,681,0.666667
535,688,1
535,690,0.666667
535,706,0.666667
535,709,0.666667
535,711,0.666667
535,731,0.666667
535,816,0.666667
535,951,1
535,1389,1
535,1944,0.5
535,1976,0.5
535,1986,0.5
535,1996,1
535,2196,0.5
535,2198,1
535,2199,1
535,2200,1
535,2202,0.5
535,2203,1
535,2204,1
535,2205,1
535,2206,1
535,2207,0.5
535,2208,1
535,2209,1
535,2210,1
535,2211,0.5
535,2212,1
535,2213,1
535,2214,1
535,2215,0.5
536,537,0.5
536,538,0.5
536,580,1
537,538,1
537,543,1
537,577,1
537,580,0.5
537,601,0.5
537,896,0.5
537,1000,1
537,1093,0.666667
537,1935,0.666667
537,1972,1
537,2023,1
537,2053,1
537,2245,0.5
537,2293,0.5
537,2742,1
538,543,1
538,544,1
538,577,1
538,640,1
538,674,0.5
538,677,0.5
538,698,0.5
538,701,0.666667
538,900,1
538,914,1
538,915,1
538,987,1
538,991,1
538,1428,0.666667
538,1442,0.666667
538,1446,0.666667
538,1484,1
538,1487,1
538,1491,1
538,1493,1
538,1679,1
538,2088,1
538,2150,0.5
538,2250,0.5
538,2340,1
538,2341,1
538,2342,1
539,582,1
539,604,1
539,608,0.5
539,1134,0.5
539,1178,0.75
539,1423,0.75
539,1564,0.5
539,1611,1
539,1699,0.75
539,1704,1
539,1712,1
539,1724,1
539,1738,1
539,1761,0.5
539,1765,0.5
539,3275,1
539,3276,1
540,541,0.666667
540,546,0.5
540,547,0.666667
540,556,0.75
540,562,0.666667
540,564,0.75
540,570,0.666667
540,571,0.5
540,573,0.5
540,587,1
540,589,0.666667
540,610,0.75
540,616,0.666667
540,619,0.5
540,622,0.75
540,623,1
540,624,1
540,625,1
540,675,0.75
540,680,0.666667
540,681,1
540,682,0.5
540,688,0.666667
540,690,0.666667
540,691,0.5
540,706,0.666667
540,709,0.666667
540,711,0.666667
540,715,0.666667
540,718,0.5
540,731,0.666667
540,732,0.666667
540,743,0.666667
540,757,0.666667
540,762,0.666667
540,763,0.5
540,768,0.5
540,769,0.666667
540,778,0.666667
540,799,0.5
540,803,0.5
540,812,0.5
540,822,1
540,842,1
540,847,1
540,850,0.666667
540,856,1
540,857,0.666667
540,876,0.666667
540,884,0.75
540,950,0.5
540,956,1
540,1018,0.5
540,1021,1
540,1038,0.5
540,1043,0.5
540,1131,0.5
540,1151,1
540,1162,1
540,1176,0.5
540,1180,0.5
540,1183,1
540,1188,0.5
540,1221,1
540,1222,0.5
540,1227,1
540,1228,1
540,1234,1
540,1238,0.75
540,1249,0.5
540,1250,0.5
540,1251,0.5
540,1252,0.5
540,1283,1
540,1302,0.5
540,1307,0.5
540,1317,0.5
540,1321,0.5
540,1390,1
540,1403,1
540,1405,0.5
540,1475,1
540,1477,0.5
540,1508,0.5
540,1514,1
540,1684,0.5
540,1855,0.5
540,1962,1
540,1999,0.5
540,2002,1
540,2007,0.5
540,2030,1
540,2233,0.5
540,2322,1
540,2328,0.5
540,2756,0.5
540,2759,1
540,2850,0.5
540,2923,1
540,2924,1
540,2959,1
540,2960,1
540,2961,1
540,2962,1
540,2963,1
540,2964,0.5
540,2966,1
540,2967,1
540,2968,1
540,2969,1
540,2970,1
540,2971,1
540,2972,1
540,2973,0.5
540,2974,0.5
540,2975,1
540,2976,1
541,542,0.666667
541,549,0.5
541,562,1
541,563,1
541,564,0.666667
541,571,1
541,584,0.666667
541,612,1
541,622,0.666667
541,624,0.666667
541,635,0.5
541,637,0.666667
541,675,0.666667
541,681,0.666667
541,690,1
541,691,1
541,706,1
541,711,0.666667
541,735,1
541,743,1
541,774,1
541,778,1
541,810,0.5
541,816,1
541,838,0.5
541,1016,1
541,1026,1
541,1174,1
541,1290,0.5
541,1478,1
541,2086,1
541,2087,1
542,556,1
542,562,0.666667
542,564,1
542,590,1
542,612,0.666667
542,624,1
542,625,1
542,659,1
542,681,1
542,711,0.666667
542,715,0.666667
542,743,0.666667
542,762,0.666667
542,770,0.5
542,816,0.666667
542,850,0.666667
542,884,1
542,1048,0.5
542,1162,1
542,1188,0.5
542,1249,0.666667
542,1251,0.666667
542,1252,0.666667
542,1283,1
542,1360,0.666667
543,568,1
543,576,0.5
543,577,1
543,578,0.5
543,594,1
543,599,0.5
543,631,1
543,660,0.5
543,672,1
543,674,0.5
543,683,1
543,802,0.5
543,890,1
543,891,1
543,900,1
543,914,1
543,916,0.5
543,944,0.5
543,982,1
543,983,0.5
543,985,0.5
543,988,1
543,989,1
543,994,0.5
543,1159,0.5
543,1276,1
543,1430,0.666667
543,1448,1
543,1486,0.5
543,1817,0.5
543,1835,0.5
543,1837,0.5
543,1849,0.5
543,1969,1
543,1970,0.5
543,1971,1
543,1972,1
543,1973,0.5
543,1974,0.5
543,1975,1
543,1976,0.5
543,1977,1
543,1978,0.5
543,1979,1
543,1980,1
543,1981,0.5
543,1982,1
543,1983,0.5
543,1984,1
543,1985,1
543,1986,0.5
543,1987,1
543,1988,1
543,1989,0.5
543,1990,1
543,1991,0.5
543,1992,1
543,1993,0.5
543,1994,1
543,1995,1
543,1996,1
544,577,1
544,606,1
544,631,1
544,888,1
544,907,1
544,994,0.5
544,1989,0.5
544,2505,1
544,2506,0.5
544,2507,0.5
544,2508,0.5
544,2509,1
544,2510,1
544,2512,0.5
545,604,0.5
545,611,0.5
545,617,0.5
545,1697,0.5
545,1717,1
545,1736,1
545,1803,1
546,564,0.5
546,572,1
546,610,0.5
546,953,0.5
546,1162,0.5
546,1240,1
547,553,0.5
547,562,0.666667
547,563,0.666667
547,564,0.666667
547,571,0.666667
547,574,0.666667
547,584,0.666667
547,610,0.666667
547,612,0.666667
547,622,0.666667
547,624,0.666667
547,659,0.666667
547,682,0.666667
547,689,0.666667
547,690,0.666667
547,711,1
547,715,0.666667
547,716,0.666667
547,728,0.5
547,731,0.666667
547,735,0.5
547,742,0.5
547,743,0.666667
547,757,0.666667
547,758,1
547,774,0.666667
547,812,1
547,815,0.5
547,831,0.5
547,839,0.5
547,846,1
547,847,0.5
547,856,0.666667
547,868,0.5
547,876,0.666667
547,884,0.666667
547,1016,0.5
547,1034,0.5
547,1054,1
547,1096,1
547,1097,1
547,1114,1
547,1116,1
547,1136,1
547,1138,1
547,1141,1
547,1142,1
547,1145,0.5
547,1152,1
547,1164,1
547,1167,0.5
547,1228,0.5
547,1238,0.666667
547,1262,1
547,1278,0.5
547,1282,1
547,1283,0.5
547,1285,0.5
547,1286,1
547,1287,1
547,1288,1
547,1291,1
547,1292,1
547,1295,0.5
547,1296,0.5
547,1297,1
547,1300,0.5
547,1305,1
547,1306,1
547,1308,1
547,1309,1
547,1310,0.5
547,1326,0.5
547,1327,0.5
547,1328,0.5
547,1329,1
547,1330,1
547,1331,1
547,1332,1
547,1333,1
547,1334,1
547,1335,1
547,1336,1
547,1337,1
547,1338,1
547,1339,1
547,1340,1
547,1341,1
547,1342,1
547,1343,1
547,1344,1
547,1345,1
547,1346,1
547,1347,1
547,1348,1
547,1349,1
547,1350,1
547,1351,1
547,1352,1
547,1353,1
547,1356,0.5
547,1357,0.5
547,1365,0.5
547,1366,0.5
547,1369,0.5
547,1370,1
547,1371,0.5
547,1372,0.5
547,1373,0.5
547,1374,1
547,1375,1
547,1376,1
547,1377,1
547,1378,1
547,1379,1
547,1380,1
547,1381,1
547,1382,1
547,1383,1
547,1384,1
547,1385,0.5
548,571,0.5
548,612,0.5
548,690,0.5
548,715,0.5
548,718,0.5
548,778,0.5
548,1289,0.5
548,1919,0.5
549,562,0.5
549,609,0.5
549,752,1
549,784,0.5
549,817,1
549,1098,1
549,1184,1
549,1447,0.5
549,1482,1
549,1573,0.5
549,2346,0.5
549,2948,1
550,1622,1
550,1668,0.5
550,1914,1
551,577,0.5
551,597,0.5
551,888,0.5
551,994,1
551,3419,1
552,591,0.5
552,1193,1
552,2583,1
552,2621,1
552,3051,0.5
552,3052,1
553,556,1
553,562,0.5
553,565,0.5
553,571,0.5
553,625,1
553,681,1
553,688,0.5
553,690,0.5
553,711,0.5
553,718,0.5
553,731,0.5
553,757,0.5
553,763,0.5
553,839,1
553,950,0.5
553,958,0.5
553,1118,0.5
553,1238,1
553,1325,0.5
553,1327,1
553,1388,0.5
553,1402,0.5
553,1673,0.5
553,2694,1
553,2695,1
554,3486,1
554,3487,1
555,557,0.666667
555,591,0.666667
555,1000,0.5
555,1093,1
555,1106,1
555,1438,0.5
555,1458,0.5
555,1547,0.5
555,1683,1
555,1831,0.5
555,1854,0.5
555,1868,0.5
555,1892,1
555,1896,1
555,1921,0.5
555,1945,1
555,2054,1
555,2190,0.5
555,2197,0.5
555,2219,1
555,2533,0.5
555,2540,0.5
555,2541,1
555,2542,0.5
555,2543,0.5
555,2544,1
555,2545,1
555,2546,1
555,2547,1
555,2548,1
555,2549,0.5
555,2550,0.5
555,2551,1
555,2552,1
555,2553,0.5
555,2554,1
555,2555,1
555,2556,1
555,2557,0.5
555,2558,1
555,2559,1
555,2560,0.5
555,2561,0.5
555,2562,0.5
555,2563,0.5
555,2564,1
555,2565,1
556,564,0.75
556,565,0.5
556,574,1
556,579,0.5
556,588,0.5
556,589,0.666667
556,590,0.75
556,615,0.5
556,617,0.5
556,622,0.75
556,626,0.5
556,637,0.666667
556,675,0.75
556,715,0.666667
556,1244,0.5
556,1437,0.5
556,1441,1
556,1535,0.5
556,1805,0.5
556,3143,1
556,3145,1
557,579,0.666667
557,620,0.666667
557,635,1
557,770,0.5
557,1106,0.666667
557,1204,0.5
557,1294,0.5
557,1422,0.666667
557,1431,1
557,1485,0.666667
557,1558,0.666667
557,1895,0.5
557,2099,0.5
557,2182,0.5
557,2183,1
557,2184,1
557,2185,0.5
557,2186,0.666667
557,2188,1
557,2190,0.5
557,2191,1
557,2192,1
557,2193,0.5
557,2194,1
557,2195,1
558,566,0.666667
558,568,0.666667
558,596,0.5
558,650,0.666667
558,701,1
558,1249,0.666667
558,1250,0.666667
558,1251,0.666667
558,1252,0.666667
558,1491,0.666667
558,1495,0.666667
558,1847,0.5
558,1854,0.5
558,1857,0.666667
558,1935,0.666667
558,2187,0.5
558,2312,0.666667
558,2534,0.5
558,2792,1
558,2888,1
558,2889,0.5
558,2890,1
558,2891,1
558,2892,1
558,2893,1
558,2894,0.5
558,2895,1
559,560,1
559,593,1
559,598,1
559,655,1
559,893,0.5
559,895,0.5
559,921,1
559,982,1
559,1359,1
559,1491,1
559,2113,1
559,2219,0.666667
559,2557,1
559,2708,1
559,2992,1
559,2993,1
559,2994,1
559,2995,0.5
559,2996,0.5
559,2997,1
560,592,1
560,640,1
560,672,1
560,885,1
560,903,1
560,914,1
560,978,1
560,986,1
560,1276,1
560,1446,0.666667
560,1485,0.666667
560,1495,1
560,1811,1
560,1883,0.5
560,1932,1
560,1980,1
560,2058,1
560,2088,1
560,2151,0.5
560,2304,0.5
560,2342,1
560,2460,1
560,2697,1
560,2703,0.5
560,2704,1
560,2705,0.5
560,2706,1
560,2707,0.5
560,2708,1
560,2709,0.5
562,563,1
562,564,0.666667
562,570,1
562,571,1
562,574,0.666667
562,586,0.5
562,587,0.666667
562,590,0.666667
562,609,1
562,612,1
562,616,1
562,617,0.666667
562,622,0.666667
562,624,0.666667
562,625,0.666667
562,627,0.666667
562,681,0.666667
562,682,0.666667
562,689,0.666667
562,690,1
562,711,0.666667
562,715,1
562,716,1
562,731,1
562,736,1
562,743,1
562,769,1
562,776,0.5
562,778,1
562,782,1
562,784,1
562,788,0.5
562,795,0.5
562,796,0.5
562,810,0.5
562,831,1
562,839,0.5
562,876,0.666667
562,953,0.5
562,1008,1
562,1021,0.666667
562,1034,1
562,1051,0.5
562,1238,0.666667
562,1284,0.5
562,1364,0.5
562,1471,0.5
562,1522,0.5
562,1998,1
562,2000,0.5
562,2001,1
563,564,0.666667
563,570,1
563,571,1
563,584,0.666667
563,586,0.5
563,609,1
563,610,0.666667
563,611,0.5
563,612,1
563,616,1
563,617,0.666667
563,690,1
563,706,1
563,710,1
563,711,0.666667
563,715,1
563,716,1
563,725,0.5
563,731,1
563,736,1
563,743,1
563,762,1
563,769,1
563,770,1
563,777,0.5
563,778,1
563,784,1
563,790,0.5
563,805,0.5
563,812,0.5
563,816,1
563,818,1
563,831,1
563,850,1
563,857,1
563,876,0.666667
563,1003,0.5
563,1008,1
563,1013,1
563,1014,0.5
563,1016,1
563,1026,1
563,1034,1
563,1043,1
563,1069,1
563,1074,1
563,1100,1
563,1101,1
563,1124,1
563,1185,0.5
563,1186,0.5
563,1248,0.5
563,1311,0.5
563,1314,0.5
563,1510,0.5
563,1521,0.5
563,1578,0.5
563,1910,1
563,1911,0.5
563,1912,0.5
563,1915,0.5
563,1916,1
563,1917,1
563,1918,1
564,565,0.5
564,571,0.5
564,584,0.666667
564,587,1
564,609,0.666667
564,610,1
564,617,0.5
564,624,1
564,625,1
564,627,1
564,637,0.666667
564,659,1
564,682,0.5
564,687,0.5
564,689,0.5
564,690,0.666667
564,711,0.666667
564,715,0.666667
564,716,0.666667
564,732,0.666667
564,743,0.666667
564,757,0.666667
564,762,0.666667
564,763,0.5
564,764,0.5
564,768,0.5
564,803,0.5
564,822,1
564,847,1
564,850,0.666667
564,856,1
564,879,1
564,884,0.75
564,1008,0.5
564,1034,0.5
564,1099,0.5
564,1110,0.5
564,1118,0.5
564,1151,1
564,1156,0.5
564,1162,1
564,1173,1
564,1175,0.5
564,1176,0.5
564,1177,1
564,1179,0.5
564,1180,0.5
564,1181,1
564,1182,1
564,1183,1
564,1188,0.5
564,1189,0.5
564,1191,1
564,1194,1
564,1195,1
564,1196,0.5
564,1197,1
564,1198,1
564,1199,0.5
564,1202,1
564,1207,0.5
564,1217,1
564,1218,0.5
564,1219,1
564,1220,1
564,1221,1
564,1222,0.5
564,1223,0.5
564,1224,0.5
564,1225,1
564,1226,0.5
564,1227,1
564,1228,1
564,1231,0.5
564,1232,0.5
564,1233,0.5
564,1234,1
564,1235,1
564,1236,1
564,1237,1
564,1238,0.75
564,1239,0.666667
564,1240,0.5
564,1241,1
564,1242,1
564,1243,0.5
564,1244,0.5
564,1245,1
564,1246,1
564,1249,0.5
564,1250,0.5
564,1251,0.5
564,1252,0.5
564,1254,1
564,1255,1
564,1256,1
564,1257,1
564,1258,1
564,1259,0.5
564,1261,0.5
564,1267,1
564,1273,0.666667
564,1274,0.666667
564,1275,0.666667
565,573,1
565,626,1
565,659,0.5
565,720,0.5
565,996,1
565,1299,1
565,2092,0.5
565,3242,1
565,3243,1
566,577,1
566,593,1
566,656,1
566,668,1
566,885,1
566,2113,1
566,2708,1
566,2786,0.5
567,592,1
567,903,1
567,929,1
567,1806,0.666667
567,1972,1
567,2225,0.666667
567,3032,0.5
568,597,0.666667
568,663,1
568,679,0.5
568,701,0.666667
568,914,1
568,947,1
568,964,1
568,969,1
568,988,1
568,1095,1
568,1153,1
568,1387,0.666667
568,1654,1
568,1679,1
568,1857,1
568,1972,1
568,2138,0.5
568,2506,0.5
568,2585,1
568,2664,1
568,2665,1
568,2666,1
568,2667,1
568,2668,0.5
568,2669,1
569,711,0.5
569,1159,0.5
569,1385,1
569,1877,0.5
569,3651,1
570,571,1
570,584,0.666667
570,625,0.666667
570,675,0.666667
570,706,1
570,709,1
570,710,1
570,715,1
570,725,0.5
570,728,1
570,731,1
570,732,1
570,740,1
570,757,1
570,765,1
570,769,1
570,770,1
570,774,1
570,778,1
570,816,1
570,857,1
570,861,0.5
570,869,0.5
570,878,0.5
570,884,0.666667
570,1026,1
570,1037,0.5
570,1119,0.5
570,1386,0.5
570,1522,0.5
570,2501,0.5
570,2502,1
570,2503,1
570,2504,1
571,584,0.666667
571,609,1
571,610,0.5
571,611,0.5
571,612,1
571,616,1
571,622,0.5
571,652,0.5
571,659,0.666667
571,675,0.75
571,682,0.5
571,706,1
571,709,1
571,710,1
571,711,0.666667
571,713,0.5
571,715,1
571,716,1
571,743,1
571,769,1
571,780,1
571,784,1
571,788,0.5
571,794,0.5
571,812,0.5
571,831,1
571,839,0.5
571,857,1
571,869,0.5
571,884,0.75
571,1003,0.5
571,1008,1
571,1016,1
571,1069,1
571,1079,1
571,1081,0.5
571,1213,0.5
571,1228,0.5
571,1249,0.5
571,1250,0.5
571,1251,0.5
571,1252,0.5
571,1264,0.5
571,1296,0.5
571,1327,0.5
571,1471,0.5
571,1510,0.5
571,2103,0.5
571,2118,1
571,2157,1
571,2586,1
571,2587,1
571,2588,1
572,587,0.5
572,610,0.5
572,1303,0.5
572,1508,1
572,3009,1
573,1222,0.5
573,3242,1
574,589,0.666667
574,619,0.5
574,624,1
574,625,1
574,627,1
574,682,0.666667
574,711,0.666667
574,715,0.666667
574,750,0.5
574,822,1
574,842,1
574,847,1
574,856,1
574,1188,0.5
574,1228,1
574,1232,0.5
574,1233,0.5
574,1514,1
574,2347,0.5
574,2663,0.5
574,2820,0.5
576,900,0.5
576,976,1
576,1972,0.5
576,2495,1
577,594,1
577,631,1
577,677,0.5
577,699,0.666667
577,1153,1
577,2024,1
577,2513,0.5
578,579,0.5
578,670,1
578,671,1
578,688,0.5
578,1831,0.5
579,603,0.5
579,631,0.666667
579,655,0.666667
579,660,0.5
579,686,0.666667
579,688,0.666667
579,821,0.5
579,831,0.5
579,894,0.666667
579,900,0.666667
579,908,0.5
579,915,0.5
579,929,0.666667
579,932,0.5
579,943,0.5
579,969,0.5
579,999,1
579,1153,0.666667
579,1315,0.666667
579,1428,0.666667
579,1461,1
579,1491,0.666667
579,1498,1
579,1500,0.5
579,1559,0.666667
579,1740,0.666667
579,1813,0.5
579,1814,0.5
579,1834,0.5
579,1835,0.5
579,1839,0.5
579,1980,0.666667
579,2113,0.666667
579,2152,1
579,2247,1
579,2248,0.5
579,2249,0.5
579,2250,0.5
579,2251,1
579,2252,1
579,2253,0.5
579,2254,1
579,2255,1
579,2256,0.5
579,2257,1
579,2258,1
582,604,1
582,608,0.5
582,1134,0.5
582,1178,0.75
582,1699,0.75
582,1701,0.75
582,1704,1
582,1705,0.75
582,1707,1
582,1708,1
582,1709,1
582,1712,1
582,1714,1
582,1716,1
582,1718,0.5
582,1724,1
582,1728,1
582,1738,1
582,1744,1
582,1745,1
582,1748,1
582,1751,1
582,2689,1
582,2990,0.5
582,3162,1
582,3163,1
582,3164,1
583,604,1
583,1032,0.5
583,1133,0.5
583,1134,0.666667
583,1178,0.666667
583,1423,1
583,1611,1
583,1699,1
583,1701,1
583,1702,1
583,1705,1
583,1723,1
583,1724,1
583,1735,0.5
583,1791,1
583,2927,0.5
584,612,0.666667
584,617,1
584,674,0.5
584,675,0.666667
584,690,0.666667
584,715,0.666667
584,767,0.5
584,804,0.5
584,831,0.5
584,850,0.666667
584,884,0.666667
584,1026,0.5
584,1083,1
584,1134,0.666667
584,1178,0.666667
584,1296,0.5
584,1698,0.5
584,1700,0.5
584,1703,0.5
584,1704,0.5
584,1712,0.5
584,1720,0.5
584,1721,0.5
584,1728,0.5
584,1730,0.5
584,1733,0.5
584,1735,0.5
584,1736,1
584,1744,0.5
584,1745,0.5
584,1747,0.5
584,1748,0.5
584,1761,0.5
584,1764,1
584,1767,0.5
584,1768,1
584,1779,1
584,1781,1
584,1783,1
584,1786,1
584,1787,0.5
584,1789,0.5
584,1799,0.5
584,1800,0.5
584,1803,0.5
584,1804,0.5
584,2691,0.5
584,3162,1
584,3573,1
584,3654,0.5
584,3656,0.5
584,3739,1
584,3740,1
584,3741,1
584,3742,1
584,3743,1
584,3744,1
584,3745,1
585,682,0.5
585,1019,1
585,1052,1
585,1064,1
585,1070,0.5
585,1071,1
585,1073,1
585,1091,0.5
585,1102,1
585,1103,1
585,1107,1
585,1322,1
585,2772,0.5
585,2979,0.5
585,3036,1
585,3037,0.5
585,3038,1
585,3039,1
585,3040,1
586,735,0.5
586,816,0.5
586,1040,0.5
586,1265,0.5
586,1314,1
586,1566,1
586,1579,1
586,2601,0.5
586,2774,1
586,3104,1
587,589,0.666667
587,610,1
587,624,1
587,627,1
587,675,1
587,682,0.666667
587,690,0.666667
587,711,0.666667
587,715,0.666667
587,731,0.666667
587,762,0.666667
587,778,0.666667
587,884,1
587,1162,1
587,1189,0.5
587,1228,1
587,1239,0.666667
587,1296,1
587,1534,0.5
587,1659,0.5
587,1668,0.5
587,1805,0.5
587,3010,1
587,3011,1
587,3012,1
587,3013,1
588,842,0.5
588,950,0.5
588,1243,1
588,1513,1
588,3536,1
589,659,0.666667
589,1021,0.666667
589,1099,0.5
589,1188,0.5
589,1195,1
589,1222,0.5
589,1283,1
589,1360,1
589,1402,0.5
589,1477,0.5
589,1481,1
589,1513,0.5
589,1536,0.5
589,1561,1
589,1672,0.5
589,1855,0.5
589,1937,1
589,2127,0.5
589,2308,0.5
589,2486,1
589,2732,0.5
589,2973,0.5
589,3134,0.5
589,3453,0.5
589,3455,0.5
589,3534,1
589,3535,1
589,3536,0.5
589,3537,1
589,3538,0.5
589,3539,0.5
589,3540,1
589,3541,1
589,3542,1
589,3543,1
589,3544,1
589,3545,1
590,627,1
590,659,1
590,681,1
590,715,0.666667
590,960,1
590,1243,0.5
590,1368,0.5
590,1435,1
590,1437,0.5
590,1476,0.666667
590,1562,0.5
590,1862,1
590,2127,0.5
590,3044,0.5
590,3045,0.666667
591,620,0.666667
591,632,1
591,888,1
591,1485,0.666667
591,1848,1
591,1857,1
591,2050,0.5
591,2842,1
591,2845,1
591,2846,0.5
592,593,1
592,640,1
592,655,1
592,982,1
592,1153,1
592,1359,1
592,1848,1
592,2004,1
592,2285,0.5
592,2340,1
592,2342,1
592,2448,1
592,2525,1
592,2693,1
592,3053,0.5
592,3054,1
592,3055,1
593,594,1
593,597,0.666667
593,655,1
593,907,1
593,940,1
593,942,1
593,943,0.5
593,948,1
593,1153,1
593,1679,1
593,1812,0.5
593,1857,1
593,1979,1
593,2249,1
593,2283,1
593,2291,0.5
593,2310,0.5
593,2807,0.5
594,946,1
594,1487,1
594,1972,1
594,2211,0.5
594,2212,1
594,2656,0.5
594,2707,0.5
594,3054,1
594,3086,1
595,620,0.5
595,655,1
595,1000,1
595,1359,1
595,1980,1
596,914,0.5
596,2153,1
596,2220,1
597,656,0.666667
597,885,0.666667
597,888,0.666667
597,895,0.5
597,896,0.5
597,914,0.666667
597,937,0.666667
597,1048,0.5
597,1276,0.5
597,1315,0.666667
597,1360,0.666667
597,1487,0.666667
597,1814,0.5
597,1848,0.666667
597,1857,0.666667
597,1980,0.666667
597,2149,0.5
597,2225,0.666667
597,2342,0.666667
597,2460,0.666667
597,2693,1
598,629,1
598,688,0.5
598,802,0.5
598,890,1
598,944,0.5
598,1153,1
598,1980,1
598,2024,1
598,2803,1
599,701,0.5
599,997,1
599,2828,0.5
600,688,0.5
600,3660,1
601,1849,1
603,3297,1
604,674,0.5
604,1134,0.666667
604,1178,0.666667
604,1316,0.5
604,1575,1
604,1611,1
604,1697,1
604,1698,1
604,1699,1
604,1700,0.5
604,1701,1
604,1702,1
604,1705,1
604,1707,1
604,1709,1
604,1723,1
604,1728,1
604,1729,1
604,1735,0.5
604,1736,1
604,1738,1
604,1744,1
604,1745,1
604,1746,0.5
604,1747,0.5
604,1772,1
604,1780,1
604,1793,1
604,1798,1
604,1803,0.5
604,2130,1
604,2439,1
604,2596,1
604,2688,0.5
604,2718,1
604,2719,0.5
604,2720,1
604,2721,1
604,2722,1
604,2723,1
604,2724,0.5
604,2725,1
604,2726,1
607,3598,1
608,1575,0.5
608,1792,1
608,1804,1
609,610,0.666667
609,616,1
609,659,0.666667
609,690,1
609,710,1
609,715,1
609,731,1
609,735,1
609,752,0.5
609,769,1
609,784,1
609,786,1
609,1008,1
609,1040,0.5
609,1043,1
609,1069,1
609,1078,1
609,1185,0.5
609,1230,0.5
609,1264,0.5
609,1510,0.5
609,1573,0.5
609,1911,0.5
609,2012,0.5
609,2587,1
609,2948,1
609,2949,1
609,2950,0.5
609,2951,1
610,612,0.666667
610,617,0.5
610,624,1
610,635,0.5
610,682,0.5
610,690,0.666667
610,711,0.666667
610,716,0.666667
610,731,0.666667
610,732,0.666667
610,768,0.5
610,769,0.666667
610,778,0.666667
610,784,0.666667
610,822,1
610,842,1
610,876,0.666667
610,884,0.75
610,1021,1
610,1026,0.5
610,1183,1
610,1219,1
610,1221,1
610,1224,0.5
610,1228,1
610,1233,0.5
610,1239,0.666667
610,1249,0.5
610,1250,0.5
610,1251,0.5
610,1252,0.5
610,1273,0.666667
610,1274,0.666667
610,1275,0.666667
610,1283,1
610,1299,0.5
610,1317,0.5
610,1321,0.5
610,1397,1
610,1512,0.5
610,1668,0.5
610,1844,0.5
610,1947,1
610,2070,0.5
610,2229,0.5
610,2231,0.5
610,2232,1
610,2233,0.5
610,2234,1
610,2235,0.5
610,2236,0.5
610,2237,1
611,1081,1
611,1085,1
611,1086,1
611,1087,1
611,1089,1
611,2338,1
611,3466,1
612,613,1
612,616,1
612,652,0.5
612,682,0.666667
612,690,1
612,706,1
612,709,1
612,711,0.666667
612,712,0.5
612,715,1
612,720,0.5
612,725,0.5
612,728,1
612,731,1
612,732,1
612,736,1
612,737,0.5
612,743,1
612,751,0.5
612,752,0.5
612,762,1
612,769,1
612,770,1
612,774,1
612,778,1
612,784,1
612,790,0.5
612,791,1
612,793,0.5
612,811,0.5
612,813,1
612,816,1
612,822,0.666667
612,824,0.5
612,831,1
612,840,1
612,842,0.5
612,850,1
612,856,0.666667
612,857,1
612,876,0.666667
612,1007,0.5
612,1008,1
612,1009,0.5
612,1010,0.5
612,1012,0.5
612,1013,1
612,1014,0.5
612,1015,0.5
612,1016,1
612,1017,0.5
612,1020,0.5
612,1021,0.666667
612,1022,1
612,1023,0.5
612,1024,1
612,1025,0.5
612,1026,1
612,1027,1
612,1031,0.5
612,1033,1
612,1034,1
612,1035,1
612,1037,0.5
612,1039,1
612,1040,0.5
612,1041,1
612,1043,1
612,1045,1
612,1046,0.5
612,1047,0.5
612,1048,1
612,1049,1
612,1051,0.5
612,1055,0.5
612,1056,1
612,1059,0.5
612,1060,0.5
612,1061,0.5
612,1062,0.5
612,1063,1
612,1065,1
612,1067,0.5
612,1069,1
612,1074,1
612,1077,0.5
612,1078,1
612,1079,1
612,1080,1
612,1081,0.5
612,1082,1
612,1084,0.5
612,1085,0.5
612,1086,0.5
612,1087,0.5
612,1088,0.5
612,1089,1
612,1090,1
612,1092,1
612,1094,0.5
612,1098,0.5
612,1100,1
612,1101,1
612,1104,1
612,1105,0.5
613,1579,1
614,622,0.5
614,1387,0.5
614,1534,1
614,1673,0.5
614,2859,1
614,2957,1
614,3245,1
614,3413,1
614,3414,1
614,3415,1
614,3416,1
614,3417,0.5
614,3418,1
615,838,0.5
615,884,0.5
615,1195,1
615,1445,1
615,1459,1
615,1469,1
615,1672,1
615,2944,1
615,2945,1
615,2946,1
616,687,1
616,690,1
616,706,1
616,715,1
616,725,0.5
616,762,1
616,778,1
616,784,1
616,812,0.5
616,816,1
616,819,1
616,831,1
616,1009,0.5
616,1013,1
616,1024,1
616,1051,0.5
616,1067,0.5
616,1069,1
616,1205,0.5
616,1284,0.5
616,1364,0.5
616,2632,1
616,2633,1
616,2634,1
616,2635,1
616,2636,1
616,2637,1
617,624,0.666667
617,637,0.666667
617,641,1
617,659,0.666667
617,674,0.5
617,675,0.5
617,688,0.666667
617,715,0.666667
617,769,0.666667
617,778,0.666667
617,804,0.5
617,1008,0.5
617,1134,0.5
617,1228,0.5
617,1238,0.75
617,1283,0.5
617,1697,0.5
617,1745,0.5
617,1746,0.5
617,1803,0.5
617,2511,1
617,2692,1
617,2765,0.5
617,2862,1
617,2863,0.5
617,2864,0.5
617,2866,1
617,2867,1
617,2869,1
618,682,0.5
618,880,0.5
619,659,0.5
619,950,1
619,1032,0.5
619,1162,0.5
619,1179,1
619,1327,0.5
619,1387,0.5
619,1606,0.5
619,2107,0.5
619,2536,1
619,3127,0.5
619,3245,0.5
620,637,0.666667
620,888,0.666667
620,1158,0.666667
620,1360,0.666667
620,1485,1
620,1742,0.5
620,1831,0.5
620,1857,0.666667
620,1941,0.666667
620,2312,0.666667
620,2529,0.5
620,2531,1
620,2532,0.5
621,622,1
622,624,1
622,625,1
622,635,0.5
622,682,0.75
622,689,0.5
622,715,0.666667
622,731,0.666667
622,839,1
622,842,1
622,884,0.75
622,1131,0.5
622,1171,0.666667
622,1172,0.666667
622,1228,1
622,1238,1
622,1296,1
622,1395,0.5
622,1406,0.5
622,1508,0.5
622,1652,0.666667
622,1805,0.5
622,2343,1
622,2349,1
622,2695,1
622,2930,1
622,2931,1
622,2932,1
622,2934,1
622,2936,0.5
623,675,1
624,659,1
624,682,0.666667
624,688,0.666667
624,711,0.666667
624,715,0.666667
624,731,0.666667
624,732,0.666667
624,743,0.666667
624,799,0.5
624,812,0.5
624,847,1
624,857,0.666667
624,875,0.5
624,876,0.666667
624,956,1
624,1021,1
624,1155,0.5
624,1162,1
624,1179,0.5
624,1195,1
624,1228,1
624,1238,1
624,1261,0.5
624,1283,1
624,1307,0.5
624,1321,0.5
624,1360,0.666667
624,1406,0.5
624,1444,0.5
624,1514,1
624,1535,0.5
624,1536,0.5
624,1673,0.5
624,1692,1
624,1805,0.5
624,1830,0.5
624,1999,0.5
624,2002,1
624,2005,1
624,2006,1
624,2007,0.5
624,2008,0.5
624,2009,1
624,2011,1
624,2013,1
624,2014,1
625,626,0.5
625,659,1
625,706,0.666667
625,710,0.5
625,715,0.666667
625,743,0.666667
625,757,0.666667
625,884,1
625,1239,0.666667
625,1243,0.5
625,1244,0.5
625,1283,1
625,1318,0.5
625,1405,0.5
625,1406,0.5
625,1459,0.5
625,1512,0.5
625,2349,1
625,2579,1
626,627,0.5
626,659,0.5
626,681,0.5
626,842,0.5
626,1038,1
626,1360,0.5
626,1473,1
626,1481,0.5
626,2127,1
626,2403,0.5
627,637,0.666667
627,659,1
627,682,0.666667
627,688,0.666667
627,715,0.666667
627,731,0.666667
627,822,1
627,876,0.666667
627,1188,0.5
627,1231,0.5
627,1238,1
627,1318,0.5
627,1327,1
627,1418,1
627,1434,0.5
627,1481,0.666667
627,1532,1
627,1659,0.5
627,2127,0.5
627,2308,0.5
628,2028,1
629,671,0.5
629,688,0.5
629,1485,0.5
629,2317,1
629,3142,0.5
630,681,0.5
630,1434,1
630,1516,1
631,674,0.5
631,676,1
631,677,0.5
631,896,0.5
631,1891,0.5
631,1935,0.666667
631,2208,1
631,3285,1
632,686,1
632,1831,1
632,1923,1
633,1422,1
634,1188,0.5
634,2283,0.5
634,3244,1
635,659,0.5
635,680,0.5
635,825,0.5
635,876,0.5
635,1162,0.5
635,1238,0.5
635,1485,0.5
635,1545,0.5
635,2427,0.5
635,2827,1
635,2828,0.5
635,2829,0.5
635,2830,0.5
635,2831,1
635,2832,1
636,655,0.5
636,713,0.5
636,743,0.5
636,808,0.5
636,1187,0.5
636,1559,0.5
636,1968,1
636,2113,0.5
636,2807,0.5
637,681,0.666667
637,685,1
637,688,1
637,857,0.666667
637,876,0.666667
637,884,0.666667
637,924,0.5
637,933,0.5
637,1417,0.5
637,1831,0.5
637,1834,0.5
637,1936,0.5
637,1949,1
637,1951,1
637,2254,1
637,2258,1
637,2442,1
637,2443,1
637,2444,1
637,2445,1
637,2446,0.5
637,2448,1
637,2449,0.5
637,2450,1
637,2451,0.5
637,2452,1
638,943,1
638,3365,0.5
639,790,0.5
639,1485,0.5
639,3146,0.5
639,3168,1
639,3359,0.5
639,3360,1
640,1170,1
640,1559,1
640,1931,1
640,2058,1
642,3386,1
643,1366,1
643,1845,1
643,3091,1
643,3438,1
643,3574,1
644,658,0.5
644,663,0.666667
644,688,0.666667
644,735,0.5
644,894,0.666667
644,914,0.666667
644,971,0.5
644,1075,1
644,1228,0.5
644,1229,1
644,1814,0.5
644,1816,0.5
644,1835,0.5
644,1839,0.5
644,1983,0.5
644,2302,1
644,2428,0.5
644,2429,1
644,2430,0.5
644,2431,1
645,647,1
646,1359,0.5
646,2473,1
647,942,1
647,1446,0.5
647,2527,1
647,2665,1
650,656,1
650,914,1
650,1359,1
650,1442,0.666667
650,1485,0.666667
650,1491,1
650,1505,1
650,1559,1
650,1979,1
650,2186,0.666667
650,2300,1
650,2459,0.5
651,1972,1
652,691,0.5
652,706,0.5
652,784,0.5
652,968,0.5
652,2430,0.5
652,3088,0.5
652,3089,1
652,3090,0.5
655,911,1
655,914,1
655,966,0.5
655,1931,1
655,1980,1
655,2340,1
655,2370,0.666667
655,2460,1
655,3216,1
656,678,1
656,1106,0.666667
656,2665,1
656,3247,1
657,688,0.5
657,3613,1
658,688,0.5
658,987,0.5
658,2996,1
659,682,0.666667
659,688,0.666667
659,689,0.666667
659,690,0.666667
659,760,0.5
659,762,0.666667
659,763,0.5
659,768,0.5
659,812,0.5
659,816,0.666667
659,839,1
659,847,1
659,856,1
659,876,0.666667
659,910,0.5
659,954,1
659,958,0.5
659,1034,0.5
659,1099,0.5
659,1162,1
659,1175,0.5
659,1180,0.5
659,1228,1
659,1233,0.5
659,1296,1
659,1303,0.5
659,1304,1
659,1317,0.5
659,1327,1
659,1360,0.666667
659,1406,0.5
659,1508,0.5
659,1926,0.5
659,1928,1
659,1933,1
659,1934,1
659,1937,1
659,1938,1
660,701,0.5
660,1814,1
660,1972,0.5
660,2226,1
662,1102,0.5
662,3517,1
663,676,1
663,802,0.5
663,987,1
663,994,0.5
663,1387,0.666667
663,1388,0.666667
663,1816,0.5
663,1972,1
663,2255,1
663,2283,1
663,3041,0.5
663,3042,1
664,688,1
665,1422,1
665,2239,1
665,2935,1
665,3379,1
666,947,1
666,1972,1
668,929,1
668,1158,1
668,1980,1
668,2112,1
669,989,0.5
669,1854,0.5
669,2149,0.5
669,3220,1
670,2240,0.5
671,916,1
671,3181,1
671,3317,0.5
674,1701,0.5
674,1728,0.5
675,711,0.666667
675,884,1
675,1034,0.5
675,1239,0.666667
675,1249,0.75
675,1250,0.75
675,1251,0.75
675,1252,0.75
675,1261,0.5
675,1296,1
675,1399,0.5
675,1439,0.666667
675,1443,0.5
675,3008,1
676,1000,1
676,1679,1
676,2208,1
676,3133,1
677,696,0.5
677,1726,0.5
677,1935,1
678,914,1
678,1315,0.666667
678,1679,1
678,1848,1
678,1980,1
678,2316,0.5
678,2514,1
678,2674,1
678,3138,1
679,3420,1
680,831,0.5
680,884,0.666667
680,1239,1
680,1249,1
680,1250,1
680,1251,1
680,1252,1
680,1267,1
680,1805,0.5
680,2986,1
680,3652,1
681,688,0.666667
681,692,0.5
681,762,0.666667
681,850,0.666667
681,856,1
681,876,0.666667
681,958,0.5
681,959,1
681,960,1
681,1021,1
681,1238,1
681,1245,1
681,1246,1
681,1259,0.5
681,1395,0.5
681,1397,1
681,1401,1
681,1408,0.5
681,1427,0.5
681,1459,0.5
681,1469,1
681,1668,0.5
681,1669,0.5
681,1670,0.5
681,1671,0.5
681,1672,0.5
681,1673,0.5
681,1674,0.5
681,1675,1
681,1676,1
681,1677,1
681,1678,1
681,1680,1
681,1682,1
681,1684,0.5
681,1686,0.5
681,1687,1
681,1689,0.5
681,1690,0.5
681,1691,1
681,1692,1
681,1693,1
681,1694,1
681,1695,1
681,1696,1
682,689,0.5
682,690,0.666667
682,814,0.5
682,870,1
682,876,0.666667
682,1030,0.5
682,1036,1
682,1042,0.5
682,1044,1
682,1050,1
682,1066,1
682,1071,0.5
682,1107,0.5
682,1238,0.75
682,1283,0.5
682,1324,0.5
682,1367,1
682,1468,0.5
682,1589,1
682,1590,0.5
682,1591,0.5
682,1592,0.5
682,1593,1
682,1594,0.5
682,1595,1
682,1596,1
682,1597,1
682,1598,1
682,1599,1
682,1600,1
682,1601,1
682,1602,1
682,1603,1
682,1604,1
682,1605,0.5
682,1606,0.5
682,1607,1
682,1608,1
682,1609,1
682,1610,1
682,1612,1
682,1613,1
682,1614,0.5
682,1615,0.5
682,1616,0.5
682,1617,0.5
682,1618,1
682,1619,1
682,1620,0.5
682,1621,0.5
682,1623,1
682,1624,0.5
682,1625,1
682,1626,1
682,1627,1
682,1628,1
682,1629,1
682,1631,1
682,1632,1
682,1633,1
682,1634,1
682,1635,1
682,1636,1
682,1637,1
682,1638,0.5
682,1639,1
682,1640,1
682,1641,0.5
682,1642,1
682,1643,1
682,1644,0.5
682,1645,1
682,1646,1
682,1647,0.5
682,1648,1
682,1649,1
682,1650,1
682,1651,1
682,1653,0.5
682,1655,1
682,1656,1
682,1657,0.5
682,1658,1
682,1660,1
682,1661,1
682,1662,1
682,1663,1
682,1666,1
682,1667,0.5
683,807,1
683,933,1
683,971,1
683,1505,1
683,1527,1
683,1839,0.5
683,1979,1
683,1980,1
683,2004,1
683,2342,1
683,2834,1
683,2835,0.5
683,2836,0.5
683,2837,1
683,2838,1
683,2839,1
683,2840,1
683,2841,1
684,715,1
684,769,1
684,802,1
684,831,1
684,855,1
685,2050,1
685,2528,1
686,987,1
686,1840,1
686,1854,1
686,1940,1
686,3118,1
687,690,1
687,710,1
687,715,1
687,728,1
687,751,0.5
687,776,0.5
687,778,1
687,784,1
687,876,0.5
687,884,0.5
687,1016,1
687,1043,1
687,1069,1
687,1184,0.5
687,1249,0.5
687,1250,0.5
687,1251,0.5
687,1252,0.5
687,2335,0.5
687,2501,0.5
687,2713,1
688,691,0.5
688,701,0.666667
688,711,0.666667
688,716,0.666667
688,726,1
688,746,1
688,769,0.666667
688,856,0.666667
688,895,0.5
688,896,0.5
688,899,1
688,902,1
688,913,1
688,923,0.5
688,924,0.5
688,925,0.5
688,933,0.5
688,947,0.5
688,986,1
688,988,0.5
688,1095,0.5
688,1170,0.5
688,1499,0.5
688,1527,1
688,1810,1
688,1811,1
688,1812,0.5
688,1813,0.5
688,1814,0.5
688,1815,1
688,1816,0.5
688,1817,0.5
688,1819,1
688,1820,1
688,1822,1
688,1823,1
688,1825,1
688,1826,1
688,1827,1
688,1828,1
688,1829,1
688,1831,0.5
688,1832,1
688,1833,1
688,1834,0.5
688,1835,0.5
688,1836,1
688,1837,0.5
688,1838,1
688,1839,0.5
688,1840,1
688,1841,0.5
688,1842,0.5
688,1843,0.5
688,1846,0.5
688,1847,0.5
688,1849,0.5
689,702,0.5
689,703,0.5
689,709,0.666667
689,715,0.666667
689,732,0.666667
689,741,1
689,757,0.666667
689,812,0.5
689,842,0.5
689,854,1
689,857,0.666667
689,864,1
689,955,0.5
689,1162,0.666667
689,1168,0.5
689,1215,0.5
689,1228,0.5
689,1238,0.5
689,1253,0.5
689,1289,0.5
689,1526,0.5
689,2128,0.5
689,2175,1
689,2238,0.666667
689,2649,0.666667
689,2758,0.5
689,2978,0.666667
689,3059,1
689,3774,1
689,3775,1
689,3776,0.5
690,691,1
690,705,1
690,706,1
690,708,1
690,709,1
690,710,1
690,711,0.666667
690,712,0.5
690,713,0.5
690,714,0.5
690,715,1
690,716,1
690,717,0.5
690,718,1
690,719,1
690,720,0.5
690,721,0.5
690,722,1
690,723,1
690,724,0.5
690,725,0.5
690,727,0.5
690,728,1
690,729,1
690,730,0.5
690,731,1
690,732,1
690,733,0.5
690,734,1
690,735,1
690,736,1
690,737,0.5
690,738,1
690,739,1
690,740,1
690,743,1
690,745,1
690,747,1
690,749,1
690,751,0.5
690,752,0.5
690,753,0.5
690,754,0.5
690,756,1
690,757,1
690,761,0.5
690,762,1
690,765,1
690,766,1
690,769,1
690,770,1
690,771,1
690,772,1
690,773,1
690,774,1
690,775,0.5
690,776,0.5
690,777,0.5
690,778,1
690,779,0.5
690,780,1
690,781,1
690,782,1
690,783,1
690,784,1
690,785,1
690,786,1
690,787,1
690,788,0.5
690,790,0.5
690,791,1
690,792,1
690,793,0.5
690,794,0.5
690,795,0.5
690,796,0.5
690,797,1
690,798,0.5
690,800,0.5
690,801,1
690,802,0.5
690,805,0.5
690,806,1
690,808,0.5
690,809,1
690,810,0.5
690,811,0.5
690,812,0.5
690,813,1
690,816,1
690,817,1
690,818,1
690,819,1
690,822,0.666667
690,823,1
690,824,0.5
690,826,1
690,827,0.5
690,830,1
690,831,1
690,833,1
690,834,0.5
690,835,1
690,836,0.5
690,838,0.5
690,839,0.5
690,840,1
690,841,1
690,842,0.5
690,843,1
690,844,0.5
690,845,1
690,847,0.5
690,848,1
690,849,1
690,850,1
690,851,1
690,852,1
690,853,1
690,855,0.5
690,856,0.666667
690,857,1
690,858,0.5
690,859,1
690,861,0.5
690,862,0.5
690,863,1
690,865,1
690,866,0.5
690,869,0.5
690,873,0.5
690,874,1
690,876,0.666667
690,877,1
690,878,0.5
690,881,0.5
690,882,1
690,883,1
690,884,0.666667
691,715,1
691,716,1
691,731,1
691,752,0.5
691,770,1
691,839,0.5
691,842,0.5
691,1026,1
691,2025,0.5
691,2572,1
691,3060,1
692,1806,0.5
692,2850,1
692,2956,1
692,3141,1
694,3716,1
695,941,1
695,983,1
695,2155,1
696,3152,0.5
696,3400,1
697,2778,1
698,1428,1
698,1849,1
698,1981,1
698,3027,1
699,1428,0.666667
699,1740,0.666667
699,1935,1
699,2150,1
699,2800,0.5
699,3297,0.5
700,2196,1
700,2707,1
701,894,0.666667
701,941,0.5
701,944,0.5
701,949,0.5
701,987,0.666667
701,1935,0.666667
701,1982,1
701,2149,0.5
701,2225,0.666667
701,2716,0.5
701,2778,0.5
701,3014,0.5
701,3180,0.5
701,3750,1
702,703,1
704,2321,1
705,752,1
706,709,1
706,710,1
706,711,0.666667
706,716,1
706,735,1
706,769,1
706,771,1
706,810,0.5
706,816,1
706,823,1
706,824,0.5
706,850,1
706,869,0.5
706,1034,1
706,1061,0.5
706,1069,1
706,1119,0.5
706,1327,0.5
706,2102,0.5
706,2395,0.5
706,2626,0.5
706,2627,0.5
706,2628,1
706,2629,0.5
706,2630,1
707,3091,1
709,718,1
709,731,1
709,743,1
709,757,1
709,770,1
709,784,1
709,812,0.5
709,816,1
709,850,1
709,1017,0.5
709,1047,0.5
709,1069,1
709,1098,0.5
709,1238,0.666667
709,1260,1
709,1311,0.5
709,1460,0.5
709,1510,0.5
709,1531,0.5
709,2684,1
709,2685,1
710,711,0.5
710,715,1
710,716,1
710,743,1
710,757,1
710,857,1
710,1104,1
710,1185,0.5
710,1510,0.5
711,718,0.5
711,731,0.666667
711,743,0.666667
711,755,1
711,758,1
711,770,0.5
711,778,0.666667
711,812,1
711,815,0.5
711,816,0.666667
711,820,1
711,822,0.666667
711,847,0.5
711,850,0.666667
711,856,0.666667
711,857,0.666667
711,876,0.666667
711,884,0.666667
711,1016,0.5
711,1043,0.5
711,1048,0.5
711,1108,1
711,1109,1
711,1111,1
711,1113,1
711,1114,1
711,1116,1
711,1117,1
711,1120,0.5
711,1121,1
711,1122,0.5
711,1126,1
711,1127,1
711,1128,1
711,1129,1
711,1130,0.5
711,1132,0.5
711,1136,1
711,1137,0.5
711,1138,1
711,1139,1
711,1140,1
711,1141,1
711,1142,1
711,1144,0.5
711,1145,0.5
711,1146,1
711,1147,1
711,1148,1
711,1149,1
711,1150,1
711,1152,1
711,1159,0.5
711,1160,1
711,1161,1
711,1162,0.666667
711,1163,1
711,1164,1
711,1165,1
711,1166,1
711,1167,0.5
711,1169,0.5
712,861,1
712,1016,0.5
712,3746,1
713,721,1
713,731,0.5
713,768,0.5
713,816,0.5
713,855,1
713,880,0.5
713,1525,0.5
714,752,1
714,835,1
714,850,0.5
714,851,1
714,857,0.5
714,1184,1
714,1187,1
714,3510,1
715,716,1
715,725,0.5
715,730,0.5
715,731,1
715,732,1
715,735,1
715,757,1
715,769,1
715,778,1
715,784,1
715,796,0.5
715,812,0.5
715,816,1
715,834,0.5
715,838,0.5
715,847,0.5
715,850,1
715,856,0.666667
715,869,0.5
715,876,0.666667
715,884,0.666667
715,953,0.5
715,1008,1
715,1009,0.5
715,1016,1
715,1023,0.5
715,1031,0.5
715,1043,1
715,1056,1
715,1080,1
715,1104,1
715,1105,0.5
715,1185,0.5
715,1205,0.5
715,1238,0.666667
715,1247,0.5
715,1284,0.5
715,1296,0.5
715,1311,0.5
715,1312,1
715,1364,0.5
715,1398,0.5
715,1447,0.5
715,1471,0.5
715,1522,0.5
715,1968,1
715,2015,1
715,2016,1
715,2017,1
715,2018,1
715,2019,1
715,2020,1
715,2021,0.5
715,2022,0.5
715,2025,0.5
715,2027,0.5
716,721,0.5
716,728,1
716,731,1
716,743,1
716,752,0.5
716,762,1
716,769,1
716,774,1
716,784,1
716,794,0.5
716,816,1
716,831,1
716,839,0.5
716,850,1
716,876,0.666667
716,878,0.5
716,1009,0.5
716,1013,1
716,1016,1
716,1048,1
716,1056,1
716,1069,1
716,1174,1
716,1186,0.5
716,1284,0.5
716,1311,0.5
716,1313,1
716,1510,0.5
716,1521,0.5
716,1579,0.5
716,1585,1
716,2117,1
716,2118,1
716,2119,1
716,2120,1
716,2121,1
716,2122,0.5
716,2123,1
717,1123,1
717,3393,1
717,3394,1
718,743,1
718,757,1
718,761,0.5
718,762,1
718,781,1
718,850,1
718,857,1
718,861,0.5
718,2039,1
718,2359,1
718,2360,1
718,2361,1
720,743,0.5
720,752,0.5
720,850,0.5
720,1522,0.5
720,2092,0.5
721,794,0.5
721,811,1
721,880,0.5
721,1016,0.5
721,1051,1
721,1080,1
721,1185,1
722,778,1
724,1123,1
724,1311,0.5
725,732,0.5
725,784,0.5
725,1281,1
725,1447,0.5
727,743,0.5
727,769,0.5
727,795,1
727,816,0.5
727,2101,1
727,3548,1
728,743,1
728,770,1
728,776,0.5
728,778,1
728,816,1
728,1007,0.5
728,1016,1
728,1026,1
728,1043,1
728,1046,0.5
728,1069,1
728,1230,0.5
728,1517,0.5
728,2607,0.5
728,2743,0.5
729,850,1
730,3623,1
731,735,1
731,743,1
731,769,1
731,770,1
731,774,1
731,778,1
731,816,1
731,819,1
731,822,0.666667
731,1008,1
731,1016,1
731,1043,1
731,1312,1
731,1471,0.5
731,2090,1
731,2091,1
731,2093,1
731,2095,1
732,743,1
732,793,0.5
732,816,1
732,839,0.5
732,850,1
732,884,0.666667
732,1460,0.5
732,1520,1
733,873,1
735,752,0.5
735,770,1
735,778,1
735,784,1
735,805,0.5
735,816,1
735,824,0.5
735,850,1
735,869,0.5
735,876,0.5
735,1040,0.5
735,1051,0.5
735,1077,0.5
735,1094,0.5
735,1100,1
735,1230,0.5
735,1398,0.5
735,1557,1
735,1573,0.5
735,2122,0.5
735,2296,0.5
735,2383,1
735,2597,1
737,751,1
737,752,1
737,1460,1
737,2012,0.5
738,850,1
742,868,1
743,752,0.5
743,762,1
743,774,1
743,778,1
743,798,0.5
743,811,0.5
743,816,1
743,818,1
743,850,1
743,861,0.5
743,928,1
743,1010,0.5
743,1021,0.666667
743,1026,1
743,1046,0.5
743,1056,1
743,1098,0.5
743,1100,1
743,1101,1
743,1313,1
743,1462,1
743,1583,0.5
743,2101,0.5
743,2123,1
743,2141,1
743,2142,1
743,2143,1
743,2144,1
743,2145,1
744,1204,0.5
744,1511,1
748,1029,0.5
748,2425,1
748,2772,1
748,3038,1
748,3345,1
750,1296,0.5
750,3431,1
751,757,0.5
751,784,0.5
751,928,1
751,1566,1
751,2118,1
751,3326,0.5
752,778,0.5
752,816,0.5
752,850,0.5
752,1009,1
752,1016,0.5
752,1023,1
752,1062,0.5
752,1187,1
752,1311,1
752,1364,1
752,1460,1
752,1462,1
752,1568,0.5
752,1581,1
752,2571,0.5
752,2572,1
752,2573,1
752,2574,1
753,777,1
754,793,1
754,850,0.5
754,1293,0.5
757,761,0.5
757,831,1
757,850,1
757,853,1
757,857,1
757,881,0.5
757,884,0.666667
757,1112,1
757,1123,0.5
757,1190,1
757,1213,0.5
757,2021,0.5
757,2036,1
757,2597,1
757,2627,0.5
757,2713,1
757,2951,1
757,3736,1
757,3737,1
757,3738,1
757,3763,1
757,3764,1
757,3781,1
760,799,0.5
760,1135,1
760,1162,0.5
760,1180,1
760,3381,1
760,3382,0.5
760,3383,1
761,831,0.5
761,3590,1
762,784,1
762,842,0.5
762,1024,1
762,1098,0.5
762,1323,1
762,1583,0.5
762,2118,1
763,3444,1
764,803,1
764,1285,0.5
767,1712,0.5
767,3249,0.5
767,3250,1
768,799,1
768,2007,1
768,2756,0.5
768,3509,1
769,778,1
769,779,0.5
769,784,1
769,831,1
769,850,1
769,876,0.666667
769,1026,1
769,1031,0.5
769,1043,1
769,1078,1
769,1185,0.5
769,1213,0.5
769,1264,0.5
769,1284,0.5
769,1587,0.5
769,2578,0.5
769,2604,0.5
769,2605,1
769,2607,0.5
769,2608,1
770,805,0.5
770,816,1
770,1016,1
770,1026,1
770,1037,0.5
770,1311,0.5
770,1510,0.5
770,1565,0.5
770,1579,0.5
770,2093,1
774,822,0.666667
774,841,1
774,842,0.5
774,876,0.666667
774,884,0.666667
774,1015,0.5
774,1037,0.5
774,1162,0.666667
774,1290,0.5
774,1323,1
774,2825,1
774,2826,1
775,836,1
775,1587,1
775,3649,1
776,788,0.5
776,855,1
776,857,0.5
776,1184,1
776,1186,1
776,1222,0.5
776,1477,0.5
776,1520,1
777,778,0.5
777,816,0.5
777,827,1
777,1587,1
778,784,1
778,805,0.5
778,811,0.5
778,816,1
778,819,1
778,824,0.5
778,878,0.5
778,1026,1
778,1046,0.5
778,1048,1
778,1056,1
778,1069,1
778,1098,0.5
778,1100,1
778,1101,1
778,1119,0.5
778,1185,0.5
778,1510,0.5
778,2019,1
778,2296,0.5
778,2297,1
778,2298,1
778,2299,0.5
779,827,1
779,2578,1
780,850,1
781,816,1
784,786,1
784,810,0.5
784,816,1
784,824,0.5
784,850,1
784,857,1
784,876,0.666667
784,1008,1
784,1020,0.5
784,1026,1
784,1041,1
784,1051,0.5
784,1074,1
784,1119,0.5
784,1123,0.5
784,1174,1
784,1185,0.5
784,1206,0.5
784,1248,0.5
784,1460,0.5
784,1557,1
784,1573,0.5
784,2012,0.5
784,2121,1
784,2383,1
784,2762,1
784,2763,1
784,2766,1
784,2767,0.5
787,816,1
788,2905,0.5
789,1326,1
789,2363,1
793,831,0.5
793,850,0.5
793,1517,1
793,1964,1
793,2211,0.5
793,3460,1
794,3203,1
795,881,1
795,3327,0.5
796,2485,1
796,3454,1
798,850,0.5
798,1040,0.5
798,1314,1
798,1364,1
798,1579,1
799,880,0.5
799,884,0.5
799,1021,0.5
799,1439,1
799,2007,1
799,2030,1
800,855,1
800,869,1
802,855,0.5
802,874,1
802,1972,0.5
802,3221,0.5
804,1134,0.5
804,1316,1
804,1699,0.5
804,1705,0.5
804,1712,0.5
805,1265,0.5
805,1266,0.5
805,1574,0.5
805,2122,1
807,890,1
807,940,1
807,971,1
807,1491,1
807,2370,0.5
807,2624,0.5
807,3329,1
808,1118,0.5
808,1510,1
810,1008,0.5
810,1966,0.5
810,2501,0.5
811,850,0.5
811,878,0.5
811,1016,0.5
811,1186,1
811,1567,1
812,876,0.5
812,1146,1
812,1200,0.5
812,2073,0.5
812,2902,0.5
814,1019,1
814,1029,0.5
814,1071,1
814,1653,1
814,3038,1
814,3327,0.5
815,3766,1
816,818,1
816,819,1
816,823,1
816,824,0.5
816,831,1
816,850,1
816,856,0.666667
816,876,0.666667
816,878,0.5
816,881,0.5
816,1003,0.5
816,1008,1
816,1013,1
816,1015,0.5
816,1016,1
816,1017,0.5
816,1020,0.5
816,1023,0.5
816,1026,1
816,1040,0.5
816,1043,1
816,1048,1
816,1051,0.5
816,1055,0.5
816,1059,0.5
816,1061,0.666667
816,1094,0.5
816,1100,1
816,1115,1
816,1123,0.5
816,1124,1
816,1213,0.5
816,1248,0.5
816,1296,0.5
816,1311,0.5
816,1313,1
816,1364,0.5
816,1398,0.5
816,1447,0.5
816,1565,0.5
816,1566,0.5
816,1567,1
816,1568,0.5
816,1569,1
816,1571,1
816,1572,1
816,1573,0.5
816,1576,0.666667
816,1578,0.5
816,1579,0.5
816,1580,1
816,1581,1
816,1582,1
816,1583,0.5
816,1584,1
816,1585,1
816,1586,1
816,1587,0.5
816,1588,1
820,1159,1
821,924,0.5
821,1495,0.5
821,2098,0.5
822,857,0.666667
822,1021,1
822,1162,1
822,1360,0.666667
822,1437,0.5
824,1023,1
824,1206,1
824,1364,1
824,1460,1
824,1568,0.5
824,2296,0.5
824,2629,0.5
824,3176,1
825,1929,0.5
825,1939,0.5
825,2260,0.666667
825,2261,1
825,2262,1
829,1359,1
831,1008,1
831,1026,1
831,1048,1
831,1069,1
831,1098,0.5
831,1134,0.5
831,1955,0.5
831,2118,1
831,3115,0.5
831,3174,1
831,3175,1
832,1169,1
834,1051,0.5
834,1226,0.5
834,2571,1
838,953,1
838,1025,1
838,1067,0.5
839,847,1
839,875,0.5
839,954,1
839,1162,1
839,1233,0.5
839,1302,0.5
839,2127,0.5
839,3035,1
842,1034,0.5
842,1319,0.5
842,1387,0.5
842,1864,1
842,2824,1
844,2626,1
847,1162,1
847,1481,1
850,855,0.5
850,869,0.5
850,881,0.5
850,1025,0.5
850,1026,1
850,1034,1
850,1048,1
850,1055,0.5
850,1067,0.5
850,1100,1
850,1143,0.5
850,1187,0.5
850,1206,0.5
850,1208,1
850,1248,0.5
850,1279,1
850,1453,1
850,1587,0.5
850,2031,1
850,2032,0.5
850,2033,1
850,2034,1
850,2035,1
850,2036,1
850,2037,1
850,2038,1
850,2039,1
855,869,1
855,2120,1
856,884,1
856,1219,1
856,1228,1
856,1319,0.5
856,2670,1
856,2672,1
856,2673,1
857,884,0.666667
857,1034,1
857,1043,1
857,1069,1
857,1174,1
857,1184,0.5
857,1228,0.5
857,1327,0.5
857,2022,0.5
857,2335,0.5
857,2336,1
857,2338,1
857,2339,1
858,1209,0.5
860,1019,1
860,1071,1
861,1205,1
861,1354,0.5
861,2102,1
862,1213,1
862,2115,0.5
866,2626,1
867,1188,0.5
868,1145,0.5
869,1020,0.5
869,1032,0.5
869,1398,1
869,1805,0.5
869,1999,0.5
869,2760,1
869,3024,1
869,3025,1
869,3026,1
872,1215,1
875,1131,1
875,1155,0.5
875,1162,0.5
875,1327,0.5
875,1473,1
875,1806,0.5
875,2008,1
875,2462,0.5
875,3568,1
876,884,0.666667
876,1162,0.666667
876,1238,0.666667
876,1283,0.5
876,1301,1
876,1320,0.5
876,1404,1
876,1415,0.5
876,1456,0.5
876,1470,1
876,1507,1
876,1539,0.5
876,1544,0.5
876,1560,0.5
876,1866,1
876,1879,1
876,1890,0.5
876,1913,1
876,2096,1
876,2097,0.5
876,2100,1
876,2104,0.5
876,2105,1
876,2106,0.5
876,2107,0.5
876,2108,1
876,2109,1
876,2110,1
876,2111,1
876,2114,1
876,2115,0.5
876,2116,1
878,1013,1
878,1020,1
878,1364,0.5
880,1003,0.5
880,1277,0.5
880,2242,1
880,2267,1
880,2925,1
880,2926,1
884,1038,0.5
884,1043,0.5
884,1239,0.666667
884,1249,0.75
884,1250,0.75
884,1251,0.75
884,1252,0.75
884,1296,1
884,1327,1
884,1406,0.5
884,1439,0.666667
884,1444,0.5
884,1844,0.5
884,1999,0.5
884,2570,0.5
885,914,1
885,940,1
885,1500,0.5
885,1505,1
885,1972,1
885,2053,1
885,2224,0.5
885,2283,1
885,2294,0.5
885,2606,0.5
886,1442,0.5
886,3369,1
887,1296,0.5
887,1387,0.5
887,1443,1
887,1444,1
887,1674,1
887,3185,1
888,911,1
888,915,1
888,1000,1
888,1485,0.666667
888,1849,0.5
888,1932,1
888,2219,0.666667
888,2254,1
888,2283,1
888,2300,1
888,2303,0.5
888,2529,0.5
888,2616,1
888,2816,1
889,2542,1
889,2578,0.5
889,3007,1
889,3562,1
890,1932,1
890,3329,1
892,963,1
892,1972,0.5
892,2045,0.5
892,2203,1
892,2813,1
892,2918,0.5
893,3384,1
894,914,0.666667
894,978,0.666667
894,1315,0.666667
894,1428,1
894,1544,0.5
894,3053,1
894,3067,1
894,3068,1
894,3069,1
894,3070,1
894,3071,1
894,3072,1
894,3073,1
895,1972,0.5
895,2151,1
896,972,0.5
896,2150,1
896,2781,0.5
896,2804,1
896,3195,1
896,3196,0.5
898,1485,1
899,1818,1
900,911,1
900,921,1
901,1972,1
902,947,1
902,1972,1
904,1980,1
905,2048,1
905,2056,1
905,2523,1
905,2675,1
905,2938,0.5
906,2283,1
907,1170,1
907,1487,1
907,1941,1
907,2340,1
907,2509,1
908,2250,1
908,2524,0.5
909,2066,0.5
909,2113,0.5
909,2342,0.5
909,3339,1
909,3470,0.5
909,3471,1
910,2127,1
910,2248,0.5
910,3151,1
911,969,1
911,971,1
911,978,1
911,1929,0.5
911,2693,1
911,3014,0.5
912,1972,1
914,937,1
914,942,1
914,944,0.5
914,947,1
914,971,1
914,976,0.5
914,1159,0.5
914,1276,1
914,1742,1
914,1839,0.5
914,2113,1
914,2150,0.5
914,2205,1
914,2219,0.666667
914,2313,1
914,2315,1
914,2495,0.5
914,2513,0.5
914,2514,1
914,2527,1
914,2528,1
914,2581,1
914,2583,0.5
914,2585,1
915,947,1
915,991,1
915,997,0.5
915,1153,1
915,2430,0.5
915,2557,1
915,3399,0.5
916,3128,0.5
916,3209,1
916,3378,1
917,3370,0.5
920,1021,0.5
920,1436,1
921,939,1
921,949,0.5
921,1442,0.5
921,2557,1
921,2566,0.5
921,3076,0.5
923,3599,1
923,3600,1
924,937,1
924,1442,0.5
924,1446,0.5
924,1679,1
924,3030,0.5
925,1818,0.5
925,3522,1
928,1460,1
929,1359,1
929,1448,1
929,1485,0.666667
929,1848,1
929,1856,1
929,2112,1
929,2186,0.666667
929,2189,1
929,2283,1
929,2376,0.5
929,2448,1
929,2521,0.5
929,2999,1
929,3028,1
929,3029,0.5
929,3030,0.5
929,3031,1
929,3032,0.5
929,3033,0.5
929,3034,1
930,2190,1
930,2202,0.5
930,2246,0.5
930,3474,1
931,1496,1
932,933,1
932,1359,1
932,1961,1
932,2527,1
932,2581,1
932,3216,1
933,1359,1
933,1834,0.5
933,2211,0.5
933,2291,0.5
933,2499,1
933,3179,1
933,3216,1
933,3234,1
934,937,0.5
934,2041,0.5
934,2300,0.5
937,978,1
937,1095,1
937,1153,1
937,1848,1
937,2153,0.5
937,2220,0.5
937,2256,0.5
937,2460,1
937,2704,1
937,2954,1
937,3188,0.5
937,3405,1
937,3406,1
938,3674,1
940,970,1
940,1491,1
940,1495,1
940,2300,1
940,3206,1
941,982,0.5
941,987,0.5
942,1485,0.5
942,1836,1
942,2196,0.5
942,2804,1
943,1814,1
943,1941,0.5
943,2312,0.5
944,2799,1
946,1158,1
946,1679,1
946,1979,1
946,2207,0.5
946,2283,1
946,2872,0.5
946,2885,1
946,3188,0.5
947,1153,1
947,1814,0.5
947,1980,1
947,2151,0.5
947,2212,1
947,2215,0.5
947,3316,0.5
948,2581,1
948,3030,1
949,2557,0.5
949,2716,1
949,2913,0.5
950,1311,0.5
950,1319,0.5
950,1395,0.5
950,1434,0.5
950,1693,1
950,3015,1
952,2927,1
953,3310,1
954,2008,1
955,2535,1
955,3607,1
956,1317,1
958,1188,1
958,2973,1
958,3263,1
959,1319,1
960,1327,1
961,2346,1
961,2857,1
962,2370,0.666667
965,3102,1
966,2249,0.5
968,1807,0.5
968,2219,0.5
968,3076,0.5
969,1977,1
969,2088,1
969,2153,0.5
969,2257,1
969,2664,1
969,2716,0.5
969,2804,1
969,3333,1
969,3495,1
969,3496,1
970,1158,1
970,1485,0.666667
970,1559,1
970,1807,0.666667
970,3198,1
971,2314,1
971,2459,0.5
971,3150,0.5
972,973,1
972,2660,1
972,3014,1
973,1812,0.5
973,3632,1
974,1972,0.5
974,3612,1
976,2215,0.5
976,2495,1
976,2709,1
976,3041,1
977,1816,1
977,1835,1
978,1095,1
978,1446,0.666667
978,2224,0.5
978,2460,1
978,2527,1
982,1854,1
982,1857,1
982,1939,0.666667
982,1972,1
982,2225,0.666667
982,3295,1
982,3296,0.5
983,1972,0.5
983,3382,1
985,1814,1
985,1972,0.5
986,1153,1
987,1940,1
987,1972,1
987,2311,0.5
987,2487,1
987,2529,0.5
988,989,1
988,1818,1
989,1491,1
989,2058,1
989,2187,0.5
989,2203,1
989,2449,0.5
989,2906,1
989,2909,0.5
989,2910,1
989,2911,1
989,2912,1
993,1486,1
996,1307,1
997,1615,0.5
997,1841,1
997,2520,0.5
997,3399,1
1000,2704,1
1000,3280,0.5
1002,1740,1
1003,1051,1
1007,1091,0.5
1007,1912,1
1008,1016,1
1008,2501,0.5
1009,1014,0.5
1009,1186,1
1009,1522,1
1009,2101,0.5
1009,3112,1
1009,3113,1
1010,1059,1
1010,1137,0.5
1010,1281,0.5
1010,3270,1
1011,1019,0.5
1011,2410,1
1011,3594,1
1012,1460,0.5
1012,3109,1
1013,1016,1
1014,3347,1
1016,1055,0.5
1016,1059,0.5
1016,1098,0.5
1016,1119,0.5
1016,1124,1
1016,1125,0.5
1016,1284,0.5
1016,1298,1
1016,1522,0.5
1016,2122,0.5
1016,2400,0.5
1016,2401,1
1016,2402,1
1017,1026,0.5
1017,1119,1
1018,1293,0.5
1018,1805,1
1018,2346,0.5
1018,2857,0.5
1019,1042,1
1019,1071,1
1019,1073,1
1019,1103,1
1019,1107,1
1019,1322,1
1019,1528,0.5
1019,1591,0.5
1019,1592,0.5
1019,1594,0.5
1019,1599,1
1019,1607,1
1019,1616,0.5
1019,1619,1
1019,1621,0.5
1019,1643,1
1019,2264,0.5
1019,2407,1
1019,2408,1
1019,2409,0.5
1019,2410,0.5
1019,2411,1
1019,2412,1
1019,2413,1
1019,2414,1
1019,2415,1
1019,2416,1
1019,2417,1
1019,2418,1
1019,2419,1
1019,2420,1
1019,2421,1
1019,2422,1
1019,2423,0.5
1019,2424,0.5
1019,2425,0.5
1019,2426,0.5
1020,1567,1
1020,2144,1
1020,2387,1
1021,1038,0.5
1021,1162,1
1021,1238,1
1021,1318,0.5
1021,1999,0.5
1021,2754,1
1021,2755,1
1023,1206,1
1025,1026,0.5
1025,1037,1
1025,1069,0.5
1025,1084,1
1025,1119,0.5
1025,1184,0.5
1025,2118,1
1025,2399,1
1025,3772,1
1026,1055,0.5
1026,1069,1
1026,1074,1
1026,1081,0.5
1026,1184,0.5
1026,1186,0.5
1026,1248,0.5
1026,1314,0.5
1026,1861,0.5
1026,2383,1
1026,2575,1
1026,2576,1
1026,2577,1
1028,1653,1
1029,1955,0.5
1029,2631,1
1029,2771,1
1030,1052,1
1030,1324,1
1030,1528,1
1030,1599,1
1030,1610,1
1030,2424,1
1030,3434,1
1031,1105,1
1032,1098,0.5
1032,1134,0.5
1032,1423,0.5
1032,1898,0.5
1032,3546,1
1034,1069,1
1034,1119,0.5
1034,1184,0.5
1034,1230,0.5
1034,1283,0.5
1034,2397,1
1034,2711,1
1037,1248,1
1037,1565,0.5
1038,1481,0.5
1038,1935,0.5
1038,2248,0.5
1038,2349,1
1038,2988,0.5
1038,3023,1
1040,1069,0.5
1040,1094,1
1042,1066,1
1042,1624,0.5
1042,1638,1
1042,1653,1
1042,2068,0.5
1043,1078,1
1043,1119,0.5
1043,1239,0.5
1043,1264,0.5
1043,1284,0.5
1043,1579,0.5
1043,2335,0.5
1043,2641,0.5
1043,2647,1
1043,2948,1
1043,3065,1
1046,1098,0.5
1046,1314,0.5
1046,1385,0.5
1046,1578,1
1047,1398,1
1047,2242,0.5
1048,2012,0.5
1048,2383,1
1051,1119,1
1051,2021,0.5
1053,1070,1
1053,2423,0.5
1053,3627,1
1053,3628,1
1053,3629,1
1055,1364,0.5
1055,3553,1
1055,3554,1
1057,1591,1
1057,3629,0.5
1057,3707,1
1057,3708,1
1058,1322,1
1060,2767,1
1061,1205,1
1061,1356,0.5
1061,1576,1
1061,3767,1
1062,1427,0.5
1067,1311,0.5
1067,1510,1
1067,2740,1
1068,2004,1
1069,1123,0.5
1069,1248,0.5
1069,1566,0.5
1069,1911,0.5
1069,2826,1
1069,2847,1
1069,2848,1
1070,1091,1
1070,1653,0.5
1071,1073,1
1071,1102,1
1071,1268,0.5
1071,1322,1
1071,1468,0.5
1071,1603,1
1071,1604,1
1071,1605,1
1071,1609,1
1071,1612,1
1071,1620,0.5
1071,1626,1
1071,1627,1
1071,1638,1
1071,1641,0.5
1071,1644,1
1071,1645,1
1071,1653,1
1071,1657,0.5
1071,1663,1
1071,1919,0.5
1071,2263,1
1071,2264,0.5
1071,2265,1
1071,2266,1
1071,2267,1
1071,2268,0.5
1071,2269,1
1071,2270,0.5
1071,2271,1
1071,2272,1
1071,2273,1
1071,2274,1
1071,2275,1
1071,2276,1
1071,2277,1
1071,2278,1
1071,2279,1
1071,2280,1
1071,2281,1
1072,2467,1
1073,1076,0.5
1073,1605,1
1073,1653,1
1073,3592,1
1073,3593,1
1076,1102,0.5
1076,2270,1
1076,2409,1
1076,3037,1
1076,3624,1
1077,1311,0.5
1077,3748,1
1079,1264,1
1081,1248,1
1084,1088,1
1085,1088,1
1086,1088,1
1087,1088,1
1090,1517,1
1093,1422,0.666667
1093,1806,0.666667
1093,1883,1
1093,2584,1
1093,2872,1
1093,3128,0.5
1093,3153,1
1093,3155,1
1095,2211,0.5
1096,3091,1
1098,1521,1
1098,1550,1
1098,2952,1
1099,1162,0.5
1099,1851,1
1099,1926,0.5
1099,3539,0.5
1102,1107,1
1102,1322,1
1102,1605,1
1102,1653,1
1102,3345,0.5
1102,3593,1
1106,1442,1
1106,1869,0.5
1106,1883,1
1106,1893,1
1106,1939,1
1106,2191,1
1106,2680,0.5
1106,2704,0.5
1106,3199,1
1107,3037,0.5
1110,1325,1
1112,2122,1
1114,1159,1
1119,3395,1
1120,1131,0.5
1120,1264,0.5
1120,1824,1
1120,2077,1
1120,2150,0.5
1120,3321,1
1120,3322,0.5
1120,3323,1
1121,1159,1
1122,3664,1
1125,1915,1
1130,3091,0.5
1130,3500,1
1131,1162,0.5
1131,1221,1
1131,1228,0.5
1131,1238,0.5
1131,1327,0.5
1131,2005,1
1132,1144,1
1132,1159,0.5
1132,1230,0.5
1133,1423,0.5
1133,1699,0.5
1133,1739,1
1134,1423,0.75
1134,1564,0.5
1134,1575,0.5
1134,1611,0.666667
1134,1697,0.5
1134,1699,0.75
1134,1700,0.5
1134,1701,0.75
1134,1702,0.666667
1134,1705,0.75
1134,1707,0.5
1134,1708,0.5
1134,1710,0.5
1134,1712,0.5
1134,1715,1
1134,1718,0.5
1134,1719,0.5
1134,1723,0.5
1134,1728,0.5
1134,1734,1
1134,1735,0.5
1134,1738,0.5
1134,1744,0.5
1134,1750,1
1134,1751,1
1134,1759,1
1134,1797,1
1134,1803,0.5
1134,2130,1
1134,2686,1
1134,2687,1
1134,2688,0.5
1134,2689,1
1134,2690,1
1134,2691,0.5
1135,1395,1
1135,2988,1
1137,1159,0.5
1144,2028,0.5
1145,1512,0.5
1147,1159,1
1153,1417,1
1153,1491,1
1153,1679,1
1153,1816,0.5
1153,1831,1
1153,1857,1
1153,1972,1
1153,2283,1
1153,2294,0.5
1153,2525,1
1153,2702,1
1153,2885,1
1153,2886,1
1153,2887,1
1154,1290,0.5
1154,2115,1
1155,1325,1
1156,1293,0.5
1156,1318,1
1157,1259,0.5
1157,1939,0.5
1157,2446,0.5
1157,3484,1
1158,1159,0.5
1158,1417,1
1158,1419,0.5
1158,1442,0.666667
1158,1485,0.666667
1158,1683,0.666667
1158,1939,0.666667
1158,2040,0.5
1158,2189,1
1158,2342,1
1158,2528,1
1158,2616,1
1159,1160,1
1159,1165,1
1159,1169,0.5
1159,1170,0.5
1159,2088,0.5
1162,1188,0.5
1162,1189,0.5
1162,1195,1
1162,1221,1
1162,1233,0.5
1162,1238,1
1162,1240,0.5
1162,1302,0.5
1162,1303,0.5
1162,1327,1
1162,1444,0.5
1162,1534,0.5
1162,1673,0.5
1162,2008,0.5
1162,2216,1
1167,1200,1
1168,1253,1
1168,3762,1
1168,3776,1
1170,1559,1
1171,1172,1
1171,1238,0.666667
1171,1652,1
1171,2008,1
1172,1238,0.666667
1172,1652,1
1172,2008,1
1175,3587,1
1176,3459,1
1178,1611,0.666667
1178,1698,0.5
1178,1699,0.5
1178,1701,0.5
1178,1702,0.666667
1178,1703,0.5
1178,1705,0.5
1178,1708,0.5
1178,1709,0.5
1178,1724,0.666667
1178,1728,0.5
1178,1738,0.75
1178,1745,0.5
1178,1749,1
1178,1792,0.5
1178,2130,1
1179,1999,1
1179,2759,1
1180,2236,1
1184,1912,0.5
1184,2386,0.5
1184,3315,1
1185,1206,1
1185,1522,1
1185,1579,1
1185,2383,1
1185,2501,0.5
1186,2774,1
1187,1398,1
1187,2497,0.5
1187,3463,1
1187,3464,1
1187,3465,1
1188,1806,0.5
1188,2147,0.5
1188,2663,1
1189,1471,0.5
1189,1726,0.5
1189,3044,1
1192,1294,1
1192,3128,1
1195,1481,1
1196,1412,1
1197,1481,1
1199,1232,1
1200,2334,0.5
1201,2653,1
1201,2741,0.5
1203,1311,1
1204,1294,0.5
1204,1314,0.5
1204,2260,0.666667
1204,2261,1
1204,2262,1
1204,2555,1
1204,3365,0.5
1205,1576,1
1205,3673,1
1206,3123,1
1206,3124,1
1207,1259,1
1207,3392,1
1209,3681,1
1210,1253,1
1214,3061,1
1214,3062,1
1214,3063,1
1214,3064,1
1215,3734,1
1216,1871,1
1216,1876,1
1217,1238,1
1218,2070,1
1218,2570,0.5
1222,1238,0.5
1222,1296,0.5
1222,1455,0.5
1222,1481,0.5
1222,1536,0.5
1222,1606,0.5
1222,2233,0.5
1223,2229,1
1224,1406,1
1224,1844,0.5
1226,1239,0.5
1226,1325,1
1226,2094,1
1228,1299,0.5
1228,3732,1
1230,2122,0.5
1230,3105,1
1230,3264,1
1231,1830,1
1231,2308,1
1232,2820,1
1233,1360,0.5
1233,1473,1
1233,1514,1
1233,2094,0.5
1234,1481,1
1238,1240,0.5
1238,1243,0.5
1238,1304,1
1238,1317,0.5
1238,1318,0.5
1238,1392,1
1238,1530,1
1238,1652,0.666667
1238,2008,0.5
1238,2127,0.5
1238,2957,0.5
1238,3730,1
1239,1249,1
1239,1250,1
1239,1251,1
1239,1252,1
1239,1296,1
1239,2007,0.5
1239,3587,0.5
1240,1317,1
1240,1673,1
1240,1674,1
1240,1999,0.5
1240,2233,0.5
1243,1283,0.5
1243,1477,0.5
1243,1535,1
1247,1524,1
1248,1264,1
1248,1803,0.5
1248,1909,0.5
1248,2335,0.5
1249,1250,1
1249,1251,1
1249,1252,1
1249,1293,0.666667
1249,1439,1
1250,1251,1
1250,1252,1
1250,1293,0.666667
1250,1439,1
1251,1252,1
1251,1293,0.666667
1251,1439,1
1251,1806,0.666667
1252,1293,0.666667
1252,1439,1
1252,1806,0.666667
1253,2347,0.5
1261,2758,0.5
1263,1606,0.5
1263,2294,0.5
1265,1354,0.5
1266,1573,1
1266,3312,0.5
1266,3782,1
1268,1277,0.5
1268,1293,0.5
1268,1919,1
1269,1270,1
1269,1271,1
1269,1272,1
1270,1271,1
1270,1272,1
1270,1274,0.666667
1270,1275,0.666667
1270,2237,1
1271,1272,1
1273,1274,1
1273,1275,1
1274,1275,1
1276,1972,1
1277,2296,0.5
1280,1311,1
1281,3128,0.5
1283,1360,1
1283,1481,1
1284,2856,0.5
1289,2045,0.5
1289,2128,0.5
1289,2567,0.5
1290,1525,1
1293,2197,0.5
1294,1422,1
1294,1837,0.5
1294,2291,0.5
1295,3286,1
1296,1443,0.5
1296,1805,0.5
1296,2859,0.5
1296,2919,1
1299,1673,1
1300,3322,1
1302,3609,1
1303,2029,0.5
1307,1406,1
1307,1416,1
1307,1668,1
1307,2484,1
1311,1313,1
1311,1520,1
1311,2018,1
1311,2774,1
1311,2775,1
1311,2776,1
1311,2777,1
1314,1579,1
1314,2597,1
1315,1428,0.666667
1315,1522,0.5
1315,1574,0.5
1315,1812,0.5
1315,2312,0.666667
1315,2585,1
1315,3074,1
1315,3075,1
1315,3076,0.5
1316,1789,1
1317,1406,1
1317,2328,1
1317,3288,1
1317,3289,1
1317,3290,1
1317,3291,1
1317,3292,1
1318,3135,1
1319,1409,0.5
1319,1686,0.5
1320,1539,1
1320,2097,1
1320,2106,1
1320,2230,1
1320,3506,1
1321,1455,1
1321,2570,0.5
1322,2470,1
1324,1653,0.5
1324,2425,1
1324,3434,1
1325,1327,0.5
1325,1481,0.5
1325,2190,0.5
1325,2569,1
1326,1877,1
1326,2362,1
1326,2363,1
1326,2881,1
1326,2882,1
1327,1434,0.5
1327,2570,0.5
1327,3262,0.5
1328,1805,0.5
1328,2348,0.5
1335,1909,1
1336,1909,1
1342,1909,1
1343,1909,1
1344,1909,1
1345,1909,1
1346,1909,1
1347,1909,1
1348,1909,1
1349,1909,1
1350,1909,1
1351,1909,1
1355,1409,1
1357,1568,0.5
1358,1606,1
1358,2085,0.5
1358,2107,0.5
1358,3432,1
1359,1442,0.666667
1359,1487,1
1359,1493,1
1359,1831,1
1359,1848,1
1359,1930,0.5
1359,1939,0.666667
1359,2049,1
1359,2063,0.5
1359,2112,1
1359,2113,1
1359,2186,0.666667
1359,2291,0.5
1359,2310,0.5
1359,2807,0.5
1359,2808,1
1359,2809,1
1359,2810,0.5
1359,2811,1
1359,2812,1
1359,2813,1
1359,2814,1
1359,2815,1
1360,1469,1
1360,1534,0.5
1360,2218,1
1360,2289,1
1360,2476,1
1360,2536,1
1360,2537,1
1360,2539,1
1361,1939,0.5
1361,2243,1
1362,1442,0.5
1362,1939,0.5
1362,1976,0.5
1362,2868,1
1362,3503,1
1363,2346,1
1363,2857,1
1363,2858,1
1364,1566,1
1365,3050,1
1365,3101,1
1365,3438,1
1366,3091,1
1366,3438,1
1366,3615,1
1366,3616,1
1368,3759,1
1369,2084,1
1369,3091,1
1369,3341,1
1369,3422,1
1369,3438,1
1369,3475,1
1371,1373,1
1372,1373,1
1386,3771,1
1387,1388,1
1387,1424,1
1387,1427,0.5
1387,1676,1
1387,1726,0.5
1387,1806,1
1387,1844,0.5
1387,1922,1
1387,2349,1
1387,2403,0.5
1387,2865,0.5
1387,2955,1
1387,2956,0.5
1387,2957,0.5
1387,2958,0.5
1388,1430,1
1388,1659,0.5
1388,1806,1
1394,3128,0.5
1395,2115,0.5
1398,2462,0.5
1399,1855,1
1400,1558,1
1400,1958,1
1400,3354,1
1402,1688,0.5
1402,2320,0.5
1402,3385,1
1402,3386,0.5
1405,2756,1
1406,1674,1
1408,1562,1
1408,1673,0.5
1408,3200,1
1408,3201,1
1408,3202,1
1412,1671,1
1412,1689,1
1412,2483,1
1412,3130,1
1412,3304,1
1412,3305,1
1412,3306,1
1412,3307,1
1412,3308,1
1415,1420,1
1417,1818,1
1417,2460,1
1417,3351,1
1417,3352,1
1418,1430,1
1419,1690,0.5
1419,1924,0.5
1419,2315,1
1419,2521,1
1419,3445,1
1419,3446,1
1422,1464,0.5
1422,1884,0.5
1422,1939,0.666667
1422,1945,1
1422,2026,0.5
1422,2193,1
1422,2540,0.5
1422,2818,1
1422,2819,1
1423,1575,1
1423,1611,1
1423,1699,1
1423,1702,1
1423,1705,1
1423,1723,1
1423,1734,1
1423,1748,1
1423,1794,1
1423,1809,1
1423,2596,1
1423,2927,0.5
1423,3550,1
1423,3551,1
1423,3552,1
1424,1659,1
1427,2865,1
1427,2958,1
1428,1843,1
1430,1442,0.666667
1430,1679,0.666667
1430,1972,0.666667
1430,3335,1
1430,3336,1
1432,1437,0.5
1434,2854,1
1436,3698,1
1438,1558,1
1438,2197,1
1438,2376,0.5
1442,1446,1
1442,1487,0.666667
1442,1495,0.666667
1442,1509,1
1442,1547,0.5
1442,1558,0.666667
1442,1559,0.666667
1442,1742,0.5
1442,1807,1
1442,1848,0.666667
1442,1939,1
1442,1980,0.666667
1442,2041,0.5
1442,2042,1
1442,2045,0.5
1442,2058,0.666667
1442,2059,0.5
1442,2063,1
1442,2098,0.5
1442,2185,0.5
1442,2186,1
1442,2189,0.666667
1442,2240,0.5
1442,2283,0.666667
1442,2357,0.5
1442,2370,0.666667
1442,2447,0.5
1442,2459,1
1442,2524,0.5
1442,2530,0.5
1442,2580,0.5
1442,2609,1
1442,2622,0.5
1442,2807,1
1442,2817,0.5
1442,2846,1
1442,2998,0.5
1442,2999,0.5
1442,3083,1
1442,3152,0.5
1442,3197,1
1442,3249,0.5
1442,3282,1
1442,3319,0.5
1442,3337,0.5
1442,3343,0.5
1442,3409,1
1442,3442,1
1442,3597,0.5
1442,3617,1
1442,3682,1
1442,3685,1
1442,3686,1
1442,3687,1
1442,3688,1
1442,3689,0.5
1442,3721,1
1442,3753,1
1442,3773,1
1443,1444,1
1444,1508,1
1444,1997,1
1446,1685,0.5
1446,1939,1
1446,2675,0.5
1446,2676,1
1446,2677,1
1446,2678,1
1446,2679,1
1446,2680,0.5
1446,2681,0.5
1446,2682,0.5
1446,2683,1
1447,3591,1
1448,2312,1
1451,1887,1
1451,3608,1
1456,2190,0.5
1458,1558,0.5
1458,1921,1
1459,2328,1
1460,3311,0.5
1461,1742,1
1464,2243,1
1468,1641,1
1468,1653,0.5
1468,2217,1
1468,2264,1
1468,2933,0.5
1471,3583,1
1473,3508,1
1476,3045,1
1476,3453,1
1477,1535,0.5
1481,1512,0.5
1481,1555,1
1481,1562,0.5
1481,1690,0.5
1481,1926,0.5
1481,1948,1
1481,2011,1
1481,2127,0.5
1481,2462,0.5
1481,2475,1
1481,2476,1
1481,2477,1
1481,2478,1
1481,2479,1
1481,2480,1
1481,2481,1
1481,2482,1
1481,2483,0.5
1481,2484,1
1481,2486,1
1484,1485,1
1484,2052,1
1484,2527,1
1485,1546,0.5
1485,1834,0.5
1485,1940,0.666667
1485,2153,0.5
1485,2202,0.5
1485,2204,1
1485,2282,1
1485,2283,0.666667
1485,2284,1
1485,2285,0.5
1485,2286,1
1485,2287,1
1485,2288,1
1485,2290,1
1485,2291,0.5
1485,2292,0.5
1485,2293,0.5
1485,2294,0.5
1485,2295,0.5
1487,1505,1
1487,1679,1
1487,2225,0.666667
1487,2895,1
1487,3281,1
1489,2582,1
1491,1679,1
1491,1854,1
1491,1931,1
1491,2065,0.5
1491,2248,0.5
1491,2249,1
1491,2459,0.5
1491,2705,0.5
1491,2888,1
1491,2895,1
1491,2938,0.5
1491,3078,0.5
1491,3079,0.5
1491,3080,1
1491,3081,1
1491,3082,0.5
1493,2312,1
1494,3082,0.5
1495,1807,0.666667
1495,1818,1
1495,2053,1
1495,2249,1
1495,2376,0.5
1495,2703,0.5
1495,2912,1
1495,3366,1
1495,3368,1
1498,1941,1
1499,2225,1
1500,2557,0.5
1500,3029,1
1504,1876,0.5
1504,1877,0.5
1504,2649,1
1505,1856,1
1505,1939,0.666667
1505,1941,1
1505,2342,1
1505,3082,0.5
1505,3217,0.5
1508,1540,1
1510,2428,0.5
1510,3294,1
1512,2028,1
1512,2754,1
1512,2947,1
1516,2127,0.5
1517,2567,0.5
1517,3115,0.5
1517,3514,1
1517,3515,1
1521,1915,0.5
1525,3589,1
1526,2758,1
1528,2423,0.5
1528,2425,1
1528,2982,1
1529,2345,1
1531,1668,0.5
1531,3606,0.5
1534,1999,0.5
1534,3412,1
1536,1808,0.5
1537,1679,1
1542,3455,1
1542,3456,1
1544,1890,1
1544,1957,1
1544,3504,1
1545,2182,1
1546,3029,1
1546,3696,1
1547,3680,1
1548,1743,1
1558,2832,1
1558,3485,1
1559,1980,1
1559,2058,1
1559,2063,0.5
1559,2250,0.5
1559,2283,1
1559,2518,1
1559,2999,1
1559,3000,0.5
1559,3001,0.5
1559,3002,1
1559,3003,1
1560,1743,0.5
1562,2458,1
1563,3142,1
1564,1710,1
1564,1712,0.5
1564,1719,1
1564,1738,0.5
1564,1789,1
1564,3468,1
1565,2607,1
1568,1665,1
1568,2225,0.5
1568,3449,1
1570,1837,0.5
1570,2057,1
1570,2935,1
1570,3228,1
1573,3375,1
1573,3376,1
1574,3398,0.5
1575,1697,1
1575,1699,1
1575,1738,1
1575,1803,0.5
1575,2334,0.5
1575,3277,1
1575,3278,1
1577,3711,1
1587,3326,1
1587,3625,1
1590,1919,0.5
1590,2147,1
1592,1657,1
1592,3037,1
1594,1667,1
1606,2319,1
1606,3780,1
1611,1698,1
1611,1699,1
1611,1708,1
1611,1712,1
1611,1713,1
1611,1728,1
1611,1738,1
1611,1748,1
1611,3159,1
1611,3160,1
1611,3161,1
1614,2908,1
1616,1624,1
1616,2425,0.5
1617,2385,1
1617,3703,1
1620,1641,1
1620,1653,0.5
1621,2983,1
1622,1914,1
1627,1653,1
1630,3586,1
1638,1653,1
1641,2268,1
1644,1653,1
1644,3569,1
1647,3648,1
1652,3547,1
1653,2266,1
1653,2272,1
1653,2410,0.5
1653,2631,0.5
1653,2771,0.5
1653,2772,0.5
1653,2773,1
1654,1972,1
1657,2022,0.5
1658,1919,1
1659,1674,1
1659,1726,1
1665,2335,1
1668,2570,0.5
1668,3287,1
1669,2735,0.5
1670,1686,1
1672,3127,1
1672,3287,1
1673,2570,0.5
1676,2570,1
1677,2570,1
1679,1812,0.5
1679,1818,1
1679,1848,1
1679,1931,1
1679,1939,0.666667
1679,2004,1
1679,2040,0.5
1679,2224,0.5
1679,2283,1
1679,2300,1
1679,2301,0.5
1679,2302,1
1679,2303,0.5
1679,2304,0.5
1679,2305,1
1679,2306,1
1679,2307,1
1679,2309,0.5
1679,2310,0.5
1679,2311,0.5
1679,2312,0.666667
1679,2313,1
1679,2314,1
1679,2315,1
1679,2316,0.5
1679,2317,1
1679,2318,1
1679,2320,0.5
1681,2735,1
1683,1940,0.666667
1683,1941,0.666667
1683,2098,0.5
1683,2190,0.5
1683,3411,1
1684,3645,1
1685,1883,0.5
1685,3567,1
1688,3584,1
1690,2291,0.5
1690,2312,0.5
1697,1699,1
1697,1701,1
1697,1738,1
1697,1744,1
1697,1745,1
1697,1748,1
1697,1803,0.5
1697,3557,1
1698,1701,1
1698,1705,1
1698,1732,0.5
1698,1738,1
1698,1744,1
1699,1700,0.5
1699,1701,1
1699,1702,1
1699,1703,0.5
1699,1705,1
1699,1707,1
1699,1708,1
1699,1712,1
1699,1713,1
1699,1714,1
1699,1734,1
1699,1738,0.75
1699,1767,0.5
1699,1791,1
1699,2432,1
1699,2433,1
1699,2434,0.5
1699,2435,0.5
1699,2436,0.5
1699,2437,1
1699,2439,1
1699,2440,0.5
1699,2441,1
1700,1701,0.5
1700,1727,1
1700,1745,0.5
1700,1770,1
1700,1799,1
1700,2092,1
1700,3107,1
1700,3108,1
1701,1702,1
1701,1705,1
1701,1707,1
1701,1708,1
1701,1709,1
1701,1712,1
1701,1723,1
1701,1728,1
1701,1729,1
1701,1734,1
1701,1735,0.5
1701,1736,1
1701,1738,0.75
1701,1744,1
1701,1745,1
1701,1746,0.5
1701,1784,1
1701,1795,1
1701,1803,0.5
1701,1804,0.5
1701,2440,0.5
1701,2590,1
1701,2591,1
1701,2592,0.5
1701,2593,1
1701,2594,1
1701,2595,1
1701,2596,1
1702,1705,1
1702,1709,1
1702,1712,1
1702,1724,1
1702,1736,1
1702,1738,1
1702,1799,0.5
1703,1761,1
1704,1705,1
1704,1716,1
1704,1722,0.5
1704,1738,1
1704,1747,0.5
1704,1748,1
1704,1766,1
1704,2439,1
1705,1707,1
1705,1709,1
1705,1712,1
1705,1722,0.5
1705,1723,1
1705,1728,1
1705,1734,1
1705,1738,0.75
1705,1762,1
1705,2719,0.5
1707,1728,1
1707,1738,1
1707,1745,1
1707,1747,0.5
1707,3516,1
1708,1712,1
1708,1715,1
1708,1738,1
1708,1744,1
1708,1745,1
1708,1760,1
1708,1770,1
1708,1776,1
1708,1777,1
1708,2689,1
1709,1721,0.5
1709,1738,1
1710,2629,0.5
1712,1715,1
1712,1720,0.5
1712,1721,0.5
1712,1738,1
1712,1748,1
1712,1800,0.5
1712,1803,0.5
1712,2140,1
1713,2989,1
1718,1720,1
1718,1721,1
1718,1733,1
1718,1748,0.5
1718,1800,1
1719,1731,1
1719,2068,0.5
1720,1721,1
1720,1733,1
1720,1744,0.5
1720,1748,0.5
1720,1800,1
1720,2989,1
1720,2990,0.5
1720,2991,1
1721,1733,1
1721,1748,0.5
1721,1800,1
1721,2989,1
1721,2991,1
1722,1728,0.5
1722,1755,1
1722,3377,1
1723,1738,1
1723,3555,1
1724,1738,1
1726,1799,0.5
1726,1806,0.5
1726,3196,0.5
1727,1728,1
1728,1744,1
1728,1745,1
1728,1754,1
1728,2435,0.5
1728,3572,1
1730,3571,1
1732,3713,1
1732,3714,1
1733,1800,1
1733,2989,1
1733,3265,0.666667
1733,3266,0.666667
1733,3274,1
1735,2655,1
1738,1745,1
1738,1795,1
1740,1859,1
1740,2024,1
1743,2529,0.5
1743,3470,1
1743,3488,1
1743,3489,1
1743,3490,0.5
1744,1745,1
1744,1748,1
1744,1767,0.5
1745,1747,0.5
1745,1768,1
1745,1770,1
1745,2435,0.5
1746,1747,1
1746,2435,1
1747,1765,1
1748,1800,0.5
1748,2990,0.5
1765,3437,1
1767,2691,1
1787,2691,1
1799,2690,1
1805,1806,0.5
1805,1999,1
1805,2014,1
1805,2127,0.5
1805,2343,1
1805,2345,0.5
1805,2346,0.5
1805,2347,0.5
1805,2348,0.5
1805,2349,1
1805,2351,1
1805,2352,1
1805,2353,1
1805,2354,1
1805,2355,1
1805,2356,1
1805,2358,1
1806,1939,0.666667
1806,2405,1
1806,2567,0.5
1806,2568,1
1806,2569,0.5
1806,2570,0.5
1807,1939,1
1807,2186,1
1807,2219,1
1807,2846,1
1808,2063,0.5
1808,3062,0.5
1808,3268,1
1808,3269,1
1811,1818,1
1812,1835,0.5
1812,1944,1
1812,2250,1
1812,2252,1
1812,2292,1
1812,2293,1
1812,3332,1
1812,3333,1
1812,3334,1
1813,2024,0.5
1813,2295,1
1814,1837,0.5
1816,1972,0.5
1817,1972,0.5
1817,2778,1
1817,3353,1
1818,2112,1
1818,2532,0.5
1818,2674,1
1821,2833,1
1830,2233,1
1831,2704,1
1834,2606,1
1834,3399,1
1834,3560,1
1835,1972,0.5
1836,1972,1
1837,1972,0.5
1837,2291,1
1837,2495,1
1837,2527,0.5
1837,3041,1
1837,3182,1
1839,2430,1
1839,3316,1
1841,2525,0.5
1842,2149,0.5
1842,3631,1
1844,1942,1
1844,2128,0.5
1844,2345,1
1844,2753,1
1844,2821,1
1844,2822,1
1846,2187,1
1847,2977,1
1848,1856,1
1848,1939,0.666667
1848,2303,0.5
1848,2312,0.666667
1848,3302,1
1848,3303,1
1849,1972,0.5
1854,2888,1
1854,3046,1
1854,3047,1
1854,3048,1
1854,3049,0.5
1856,2052,0.5
1856,2250,0.5
1856,3241,1
1858,1953,0.5
1858,2197,0.5
1858,2764,1
1861,3671,1
1867,3719,1
1867,3720,1
1868,1939,0.5
1868,2193,0.5
1868,2248,0.5
1868,2501,0.5
1868,3427,1
1868,3428,1
1869,1895,1
1869,3389,1
1871,1872,1
1871,2710,1
1876,1898,0.5
1876,2071,1
1876,2366,1
1876,2710,1
1878,3566,1
1883,1921,0.5
1883,2564,1
1883,3501,0.5
1883,3565,0.5
1884,3451,1
1890,3328,1
1890,3751,1
1891,2169,0.5
1891,3452,0.5
1895,2025,0.5
1895,2246,0.5
1895,2562,1
1895,2563,1
1895,3501,1
1895,3502,1
1898,2085,1
1904,3668,1
1907,3177,1
1907,3178,1
1909,1914,0.5
1909,2849,1
1911,3650,0.5
1919,1927,0.5
1919,3222,1
1919,3223,1
1919,3224,1
1924,3643,1
1924,3644,1
1926,3105,0.5
1926,3505,1
1927,2943,1
1927,3017,1
1929,1939,1
1929,2040,1
1929,2051,1
1929,2053,0.5
1929,2054,1
1929,2055,1
1929,2527,0.5
1929,2612,1
1929,2846,1
1929,3020,1
1929,3125,1
1930,2050,0.5
1930,2311,1
1930,2528,0.5
1931,3138,1
1932,2024,1
1932,2999,1
1932,3477,1
1935,2024,0.5
1936,2446,1
1936,2527,0.5
1939,2040,1
1939,2041,0.5
1939,2042,1
1939,2043,1
1939,2044,1
1939,2045,0.5
1939,2046,1
1939,2047,1
1939,2048,0.5
1939,2051,1
1939,2053,0.666667
1939,2054,1
1939,2055,1
1939,2056,0.5
1939,2057,1
1939,2058,0.666667
1939,2059,0.5
1939,2060,1
1939,2062,1
1939,2063,1
1939,2064,1
1940,2189,1
1940,2532,0.5
1940,3043,1
1941,1980,1
1941,2049,1
1941,2872,0.5
1941,3188,0.5
1944,1973,0.5
1944,2312,0.5
1944,2460,0.5
1944,2665,0.5
1944,3180,1
1950,3491,1
1953,1959,0.5
1953,3144,1
1958,2829,1
1958,3407,1
1961,2004,1
1961,2249,1
1961,2342,1
1961,2499,1
1961,3235,0.5
1961,3236,1
1961,3237,1
1965,2098,1
1965,2533,1
1965,3582,1
1969,1972,1
1970,1972,0.5
1970,2065,0.5
1971,1972,1
1972,1975,1
1972,1976,0.5
1972,1977,1
1972,1979,1
1972,1980,1
1972,1981,0.5
1972,1983,0.5
1972,1984,1
1972,1990,1
1972,1994,1
1972,2053,1
1972,2207,0.5
1972,2210,1
1972,2283,1
1972,2370,0.666667
1972,2460,1
1972,2716,0.5
1972,2778,0.5
1972,2779,1
1972,2780,1
1972,2781,0.5
1972,2782,1
1972,2783,1
1972,2784,1
1972,2785,1
1972,2786,0.5
1972,2787,1
1972,2788,1
1972,2789,1
1972,2790,1
1972,2791,0.5
1972,2792,1
1972,2793,1
1972,2794,1
1972,2795,1
1972,2796,1
1972,2797,1
1972,2798,1
1972,2799,0.5
1972,2800,0.5
1972,2801,1
1972,2802,1
1972,2803,1
1972,2804,1
1972,2805,1
1972,2806,1
1973,2921,1
1973,3559,1
1974,3579,1
1978,2621,1
1980,2112,1
1980,2342,1
1980,2376,0.5
1980,2499,1
1980,2528,1
1980,2872,0.5
1980,2937,1
1980,2938,0.5
1980,2939,1
1983,2800,1
1986,2226,1
1986,3633,1
1989,3659,1
1991,2215,1
1993,3503,0.5
1997,2127,1
1997,3372,1
1999,2347,0.5
1999,2351,1
1999,2853,1
1999,2854,0.5
1999,2855,1
1999,2856,0.5
2000,3461,1
2004,2300,1
2004,3472,1
2004,3473,1
2008,3453,0.5
2010,3700,1
2012,2974,0.5
2024,2625,1
2024,3080,1
2026,3426,1
2027,3512,1
2028,2567,1
2032,2641,1
2040,2045,0.5
2040,2063,1
2040,2846,1
2040,2872,1
2040,2907,0.5
2040,3020,1
2040,3021,1
2041,3499,1
2044,2063,1
2045,2260,0.5
2045,2907,0.5
2045,3152,0.5
2045,3153,1
2045,3154,1
2045,3155,1
2045,3156,1
2045,3157,1
2048,3338,1
2050,2527,0.5
2050,2656,1
2050,3182,1
2050,3208,1
2052,3146,1
2052,3198,1
2052,3443,1
2053,3204,0.5
2054,2499,0.5
2054,2528,0.5
2054,2619,1
2058,2342,1
2059,2621,0.5
2062,2197,1
2065,2211,1
2065,2621,0.5
2065,3080,1
2065,3189,0.5
2065,3387,1
2065,3388,1
2066,3100,0.5
2071,2085,1
2084,3091,1
2084,3100,1
2084,3101,1
2084,3614,0.5
2085,3172,1
2085,3173,1
2088,2525,1
2088,2665,1
2092,3107,1
2092,3192,1
2094,3760,1
2098,2148,0.5
2098,3451,1
2103,3221,1
2104,2227,1
2104,2870,1
2106,3647,1
2107,2133,0.5
2107,3457,1
2112,2219,0.666667
2112,2813,1
2112,3408,1
2113,2186,0.666667
2113,2205,1
2113,2337,1
2113,2581,1
2113,2665,1
2113,3030,0.5
2113,3299,1
2113,3300,0.5
2124,2492,1
2126,2735,1
2127,3085,1
2128,2345,0.5
2128,2844,1
2128,3435,1
2128,3436,1
2129,2735,1
2132,2133,1
2133,2735,1
2134,3240,1
2138,2894,1
2138,3079,1
2148,2194,1
2148,2671,1
2148,2843,1
2148,3246,1
2148,3469,1
2149,2303,0.5
2149,3179,1
2149,3180,1
2149,3181,1
2150,3126,1
2151,3595,1
2151,3596,1
2154,2656,1
2160,3585,1
2161,2735,1
2167,2325,1
2168,3158,1
2169,3532,1
2174,3122,1
2184,2524,1
2185,2522,1
2185,3523,1
2186,3524,1
2187,2528,0.5
2189,2283,1
2189,2701,1
2189,3103,1
2193,2246,1
2193,2312,0.5
2193,3007,0.5
2196,2340,0.5
2197,3117,1
2197,3528,1
2197,3529,1
2197,3530,1
2197,3531,1
2205,2999,1
2207,3148,1
2207,3497,1
2219,2340,0.666667
2219,2555,1
2219,3155,1
2219,3563,0.5
2219,3564,1
2220,2430,1
2221,3728,1
2224,2256,1
2225,2707,1
2231,3127,1
2231,3606,0.5
2235,3724,1
2238,2649,1
2238,2978,1
2239,2246,1
2239,2833,0.5
2239,2935,1
2239,3228,1
2240,2376,0.5
2240,3231,1
2242,2899,0.5
2243,2553,1
2243,3337,1
2243,3361,1
2243,3362,1
2243,3363,1
2245,2921,1
2246,3228,1
2246,3229,1
2246,3230,1
2246,3231,0.5
2246,3232,1
2246,3233,1
2248,3078,0.5
2249,3575,1
2253,2716,1
2253,3401,1
2254,2340,1
2255,2665,1
2259,2260,1
2259,2261,1
2259,2817,1
2260,2261,0.666667
2260,2817,1
2260,3525,1
2260,3526,1
2261,2262,1
2261,2817,0.666667
2261,3527,1
2262,3365,0.5
2264,2965,1
2270,2423,1
2283,2499,1
2283,2704,1
2283,2809,1
2283,2912,1
2283,2940,1
2283,2941,1
2283,2942,1
2285,2342,0.5
2285,3204,1
2285,3490,1
2285,3636,1
2285,3637,1
2287,2460,1
2291,2534,1
2291,2658,1
2291,3399,0.5
2292,2293,1
2299,2400,1
2299,3115,1
2300,3638,1
2301,2735,0.5
2303,2621,1
2304,3661,1
2309,2810,1
2310,2995,1
2310,3520,1
2310,3521,1
2312,2521,1
2312,2534,1
2312,3088,0.5
2312,3298,1
2316,2344,0.5
2321,3453,0.666667
2328,3127,1
2328,3291,1
2334,3348,1
2334,3349,1
2340,3267,1
2342,2499,1
2342,2525,1
2342,2939,1
2342,3076,0.5
2342,3218,1
2342,3219,1
2344,2346,0.5
2344,2350,1
2344,3169,1
2344,3170,1
2344,3171,1
2345,2403,0.5
2345,2570,1
2345,3478,1
2346,2348,1
2346,2857,1
2346,2858,1
2346,2860,1
2346,2861,1
2347,2854,1
2348,3626,1
2349,2570,1
2357,2447,1
2357,3282,1
2357,3283,1
2369,3240,1
2370,2623,0.5
2370,2752,0.5
2370,3119,1
2370,3120,1
2370,3121,1
2370,3122,0.5
2376,2533,0.5
2376,3248,1
2379,3523,1
2380,3032,1
2380,3521,1
2381,3621,1
2395,3467,1
2403,3507,1
2410,3749,1
2424,2425,1
2425,2772,1
2425,3225,1
2425,3492,1
2426,3765,1
2427,2830,1
2436,2719,1
2438,3391,1
2440,2863,1
2445,2521,1
2446,3146,0.5
2446,3284,1
2447,2913,0.5
2447,3283,1
2447,3663,1
2449,2833,0.5
2451,3380,1
2459,3441,1
2459,3442,1
2460,3317,0.5
2462,3344,1
2466,2979,1
2472,3702,1
2473,2835,1
2485,2627,1
2495,2514,1
2495,3150,1
2495,3166,1
2495,3188,1
2495,3207,1
2495,3208,1
2495,3209,1
2495,3210,1
2495,3211,1
2495,3212,1
2495,3213,1
2497,3704,1
2499,2708,1
2499,3339,0.5
2506,3001,1
2507,2508,1
2508,2512,1
2513,2621,1
2513,2786,1
2513,3518,1
2513,3519,1
2519,2534,1
2520,3481,1
2520,3482,1
2520,3483,1
2520,3484,1
2521,3165,1
2521,3186,1
2521,3187,1
2521,3188,1
2521,3189,0.5
2522,3597,1
2524,2620,1
2525,2872,0.5
2527,3226,0.5
2527,3227,1
2530,2907,1
2534,3188,1
2538,2889,1
2540,3684,1
2543,3694,1
2549,3666,1
2550,3693,1
2555,2872,1
2557,2581,1
2557,2665,1
2560,2671,1
2560,3726,1
2561,2680,1
2561,3084,1
2566,3447,1
2567,2694,1
2570,2753,1
2570,2945,1
2570,2955,1
2570,2957,0.5
2570,3004,1
2570,3005,1
2570,3006,1
2578,2604,1
2580,3343,1
2581,3560,0.5
2589,2950,1
2592,3630,1
2601,3347,1
2606,2791,1
2611,2712,1
2621,3330,1
2621,3331,1
2622,3639,1
2623,3057,1
2623,3611,1
2624,3079,1
2638,3556,1
2649,2978,1
2656,3146,1
2656,3147,1
2656,3148,0.5
2656,3149,1
2656,3150,1
2658,3146,1
2658,3280,1
2661,3146,1
2661,3280,1
2662,2671,1
2662,3726,1
2665,2700,0.5
2665,2705,0.5
2665,3001,0.5
2665,3194,1
2665,3333,1
2668,3000,1
2680,3370,1
2681,2998,1
2681,3205,1
2682,3561,1
2688,2927,1
2688,3712,1
2691,3653,1
2691,3654,1
2691,3655,1
2691,3656,1
2700,2705,1
2703,3498,1
2704,3082,0.5
2709,3041,1
2717,3141,1
2724,2990,1
2732,2854,1
2735,3309,1
2738,3090,1
2752,3238,1
2752,3239,1
2752,3240,1
2753,3006,1
2753,3214,1
2753,3215,1
2756,2761,1
2756,3078,0.5
2757,3597,1
2765,3779,1
2781,2977,1
2807,3523,0.5
2810,3147,0.5
2817,3525,1
2817,3526,1
2817,3527,1
2829,3407,1
2833,3364,1
2833,3365,1
2836,3217,1
2846,3252,0.5
2846,3617,1
2854,3603,1
2857,2858,1
2864,3699,1
2872,3083,1
2872,3125,1
2872,3157,1
2872,3359,0.5
2872,3409,1
2872,3410,1
2873,2896,1
2873,2899,1
2896,2898,1
2896,2899,1
2898,2899,1
2899,3056,1
2899,3057,0.5
2899,3058,0.5
2902,3558,1
2904,3761,1
2909,3297,1
2912,3443,1
2927,3513,1
2933,3622,1
2936,3539,1
2964,3735,1
2974,3433,1
2978,3776,0.5
2989,3265,0.666667
2989,3266,0.666667
3006,3214,1
3014,3715,1
3019,3301,1
3029,3049,1
3030,3126,1
3032,3082,1
3033,3082,1
3045,3453,1
3050,3091,1
3050,3438,1
3050,3476,1
3051,3417,1
3051,3511,1
3052,3078,1
3058,3240,1
3058,3640,1
3058,3641,0.5
3062,3570,1
3069,3683,1
3077,3677,1
3077,3678,1
3077,3679,1
3082,3490,1
3082,3752,1
3087,3158,1
3087,3374,1
3090,3317,1
3091,3092,0.5
3091,3093,1
3091,3094,1
3091,3095,1
3091,3096,1
3091,3097,1
3091,3098,1
3091,3099,1
3091,3100,1
3091,3101,1
3091,3102,0.5
3092,3667,1
3100,3340,1
3100,3341,1
3100,3342,1
3101,3421,1
3101,3422,1
3110,3706,1
3128,3754,1
3132,3756,1
3139,3717,1
3144,3318,1
3144,3319,0.5
3146,3165,1
3146,3166,1
3146,3167,1
3146,3168,0.5
3147,3208,1
3147,3423,1
3147,3424,1
3147,3425,0.5
3149,3188,1
3165,3284,0.5
3182,3619,1
3182,3620,1
3186,3208,1
3188,3208,1
3188,3280,1
3189,3235,1
3208,3443,1
3214,3215,1
3225,3325,1
3225,3345,1
3226,3425,1
3231,3676,1
3240,3601,1
3240,3602,1
3251,3252,1
3252,3253,1
3252,3254,1
3252,3255,1
3252,3256,1
3252,3257,1
3252,3258,1
3252,3259,1
3252,3260,1
3252,3261,1
3262,3729,1
3265,3266,1
3265,3274,1
3265,3350,1
3266,3274,1
3266,3350,1
3280,3443,1
3280,3479,1
3280,3480,1
3296,3300,1
3297,3618,1
3311,3705,1
3312,3313,1
3312,3314,1
3318,3676,1
3319,3563,1
3319,3665,1
3322,3672,1
3337,3577,1
3341,3576,1
3342,3438,1
3361,3692,1
3364,3502,1
3367,3641,1
3370,3450,1
3374,3675,1
3384,3386,1
3394,3462,1
3397,3533,1
3420,3581,1
3438,3439,1
3438,3440,1
3452,3695,1
3453,3701,1
3481,3578,1
3482,3689,1
3482,3690,1
3501,3684,1
3523,3662,1
3538,3670,1
3565,3639,1
3580,3581,1
3584,3669,1
3604,3605,1
3604,3606,1
3605,3606,1
3606,3731,1
3627,3629,1
3650,3747,1
3657,3658,1
3665,3666,1
3676,3723,1
3677,3678,1
3678,3679,1
3691,3692,1
3709,3710,1
3716,3718,1
3747,3770,1
3768,3769,1
3777,3778,1
